"catalog_id","shop_type","catalogue_name","kind","price_status","required_details","reference_variant","reference_pack_count","source_url","reviewed_on"
"1","Grocery / Kirana Store","Wheat Atta","goods","retail_reference_only","Shop must confirm exact variant, local selling price and availability","Aashirvaad Whole Wheat Atta (reference example)","4","https://www.bigbasket.com/pd/126903/aashirvaad-atta-whole-wheat-5-kg-pouch/","2026-10-08"
"2","Grocery / Kirana Store","Multigrain Atta","goods","retail_reference_only","Exact brand/variety, grade and pack weight/volume/count","Aashirvaad Multigrains Atta (reference example)","3","https://www.bigbasket.com/pd/284420/aashirvaad-multigrains-atta-5-kg-pouch/","2026-10-08"
"3","Grocery / Kirana Store","Maida","goods","variant_and_source_pending","Exact brand/variety, grade and pack weight/volume/count","","0","","2026-10-08"
"4","Grocery / Kirana Store","Suji","goods","variant_and_source_pending","Exact brand/variety, grade and pack weight/volume/count","","0","","2026-10-08"
"5","Grocery / Kirana Store","Besan","goods","retail_reference_only","Exact brand/variety, grade and pack weight/volume/count","Aashirvaad Besan (reference example)","2","https://www.bigbasket.com/pd/40365307/aashirvaad-besan-500-g-pouch/","2026-10-08"
"6","Grocery / Kirana Store","Dalia","goods","variant_and_source_pending","Exact brand/variety, grade and pack weight/volume/count","","0","","2026-10-08"
"7","Grocery / Kirana Store","Rice Flour","goods","variant_and_source_pending","Exact brand/variety, grade and pack weight/volume/count","","0","","2026-10-08"
"8","Grocery / Kirana Store","Corn Flour","goods","variant_and_source_pending","Exact brand/variety, grade and pack weight/volume/count","","0","","2026-10-08"
"9","Grocery / Kirana Store","Ragi Flour","goods","variant_and_source_pending","Exact brand/variety, grade and pack weight/volume/count","","0","","2026-10-08"
"10","Grocery / Kirana Store","Bajra Flour","goods","variant_and_source_pending","Exact brand/variety, grade and pack weight/volume/count","","0","","2026-10-08"
"11","Grocery / Kirana Store","Basmati Rice","goods","variant_and_source_pending","Exact brand/variety, grade and pack weight/volume/count","","0","","2026-10-08"
"12","Grocery / Kirana Store","Sona Masoori Rice","goods","variant_and_source_pending","Exact brand/variety, grade and pack weight/volume/count","","0","","2026-10-08"
"13","Grocery / Kirana Store","Kolam Rice","goods","variant_and_source_pending","Exact brand/variety, grade and pack weight/volume/count","","0","","2026-10-08"
"14","Grocery / Kirana Store","Parboiled Rice","goods","variant_and_source_pending","Exact brand/variety, grade and pack weight/volume/count","","0","","2026-10-08"
"15","Grocery / Kirana Store","Brown Rice","goods","variant_and_source_pending","Exact brand/variety, grade and pack weight/volume/count","","0","","2026-10-08"
"16","Grocery / Kirana Store","Broken Rice","goods","variant_and_source_pending","Exact brand/variety, grade and pack weight/volume/count","","0","","2026-10-08"
"17","Grocery / Kirana Store","Idli Rice","goods","variant_and_source_pending","Exact brand/variety, grade and pack weight/volume/count","","0","","2026-10-08"
"18","Grocery / Kirana Store","Pulao Rice","goods","variant_and_source_pending","Exact brand/variety, grade and pack weight/volume/count","","0","","2026-10-08"
"19","Grocery / Kirana Store","Steam Rice","goods","variant_and_source_pending","Exact brand/variety, grade and pack weight/volume/count","","0","","2026-10-08"
"20","Grocery / Kirana Store","Gobind Bhog Rice","goods","variant_and_source_pending","Exact brand/variety, grade and pack weight/volume/count","","0","","2026-10-08"
"21","Grocery / Kirana Store","Arhar Dal","goods","retail_reference_only","Exact brand/variety, grade and pack weight/volume/count","Tata Sampann Unpolished Toor Dal (reference example)","4","https://www.bigbasket.com/pd/40000291/tata-sampann-unpolished-toor-dalarhar-dal-1-kg-pouch/","2026-10-08"
"22","Grocery / Kirana Store","Masoor Dal","goods","variant_and_source_pending","Exact brand/variety, grade and pack weight/volume/count","","0","","2026-10-08"
"23","Grocery / Kirana Store","Moong Dal","goods","retail_reference_only","Exact brand/variety, grade and pack weight/volume/count","Tata Sampann Organic Unpolished Moong Dal (reference example)","2","https://www.bigbasket.com/pd/40156317/tata-sampann-organic-moong-dal-500-g/","2026-10-08"
"24","Grocery / Kirana Store","Urad Dal","goods","variant_and_source_pending","Exact brand/variety, grade and pack weight/volume/count","","0","","2026-10-08"
"25","Grocery / Kirana Store","Chana Dal","goods","retail_reference_only","Exact brand/variety, grade and pack weight/volume/count","Tata Sampann Unpolished Chana Dal (reference example)","2","https://www.bigbasket.com/pd/40000290/tata-sampann-unpolished-chana-dal-1-kg-pouch/","2026-10-08"
"26","Grocery / Kirana Store","Moong Whole","goods","variant_and_source_pending","Exact brand/variety, grade and pack weight/volume/count","","0","","2026-10-08"
"27","Grocery / Kirana Store","Urad Whole","goods","variant_and_source_pending","Exact brand/variety, grade and pack weight/volume/count","","0","","2026-10-08"
"28","Grocery / Kirana Store","Rajma","goods","variant_and_source_pending","Exact brand/variety, grade and pack weight/volume/count","","0","","2026-10-08"
"29","Grocery / Kirana Store","Kabuli Chana","goods","variant_and_source_pending","Exact brand/variety, grade and pack weight/volume/count","","0","","2026-10-08"
"30","Grocery / Kirana Store","Black Chana","goods","variant_and_source_pending","Exact brand/variety, grade and pack weight/volume/count","","0","","2026-10-08"
"31","Grocery / Kirana Store","Mustard Oil","goods","retail_reference_only","Shop must confirm exact variant, local selling price and availability","Fortune Premium Kachi Ghani Mustard Oil (reference example)","3","https://www.bigbasket.com/pd/276756/fortune-fortune-premium-kachi-ghani-pure-mustard-oil-1l-pet-bottle/","2026-10-08"
"32","Grocery / Kirana Store","Refined Soybean Oil","goods","retail_reference_only","Shop must confirm exact variant, local selling price and availability","Fortune Soya Health Soyabean Oil (reference example)","2","https://www.bigbasket.com/pd/272765/fortune-soya-bean-oil-1-l-pouch/","2026-10-08"
"33","Grocery / Kirana Store","Sunflower Oil","goods","variant_and_source_pending","Exact brand/variety, grade and pack weight/volume/count","","0","","2026-10-08"
"34","Grocery / Kirana Store","Groundnut Oil","goods","variant_and_source_pending","Exact brand/variety, grade and pack weight/volume/count","","0","","2026-10-08"
"35","Grocery / Kirana Store","Rice Bran Oil","goods","variant_and_source_pending","Exact brand/variety, grade and pack weight/volume/count","","0","","2026-10-08"
"36","Grocery / Kirana Store","Coconut Oil","goods","variant_and_source_pending","Exact brand/variety, grade and pack weight/volume/count","","0","","2026-10-08"
"37","Grocery / Kirana Store","Sesame Oil","goods","variant_and_source_pending","Exact brand/variety, grade and pack weight/volume/count","","0","","2026-10-08"
"38","Grocery / Kirana Store","Olive Oil","goods","variant_and_source_pending","Exact brand/variety, grade and pack weight/volume/count","","0","","2026-10-08"
"39","Grocery / Kirana Store","Palmolein Oil","goods","variant_and_source_pending","Exact brand/variety, grade and pack weight/volume/count","","0","","2026-10-08"
"40","Grocery / Kirana Store","Canola Oil","goods","variant_and_source_pending","Exact brand/variety, grade and pack weight/volume/count","","0","","2026-10-08"
"41","Grocery / Kirana Store","Turmeric Powder","goods","retail_reference_only","Exact brand/variety, grade and pack weight/volume/count","Aashirvaad Turmeric Powder (reference example)","3","https://www.bigbasket.com/pd/100532774/aashirvaad-turmeric-powder-200-g/?nc=sis-prod-list&t_pos_item=2&t_pos_sec=1&t_s=Turmeric%2520Powder%252FArisina%2520Pudi","2026-10-08"
"42","Grocery / Kirana Store","Red Chilli Powder","goods","variant_and_source_pending","Exact brand/variety, grade and pack weight/volume/count","","0","","2026-10-08"
"43","Grocery / Kirana Store","Coriander Powder","goods","retail_reference_only","Exact brand/variety, grade and pack weight/volume/count","Aashirvaad Coriander Powder (reference example)","3","https://www.bigbasket.com/pd/40001313/aashirvaad-powder-coriander-100-g-pouch/","2026-10-08"
"44","Grocery / Kirana Store","Cumin","goods","variant_and_source_pending","Exact brand/variety, grade and pack weight/volume/count","","0","","2026-10-08"
"45","Grocery / Kirana Store","Garam Masala","goods","variant_and_source_pending","Exact brand/variety, grade and pack weight/volume/count","","0","","2026-10-08"
"46","Grocery / Kirana Store","Chaat Masala","goods","variant_and_source_pending","Exact brand/variety, grade and pack weight/volume/count","","0","","2026-10-08"
"47","Grocery / Kirana Store","Black Pepper","goods","variant_and_source_pending","Exact brand/variety, grade and pack weight/volume/count","","0","","2026-10-08"
"48","Grocery / Kirana Store","Cardamom","goods","variant_and_source_pending","Exact brand/variety, grade and pack weight/volume/count","","0","","2026-10-08"
"49","Grocery / Kirana Store","Clove","goods","variant_and_source_pending","Exact brand/variety, grade and pack weight/volume/count","","0","","2026-10-08"
"50","Grocery / Kirana Store","Cinnamon","goods","variant_and_source_pending","Exact brand/variety, grade and pack weight/volume/count","","0","","2026-10-08"
"51","Grocery / Kirana Store","Glucose Biscuits","goods","retail_reference_only","Shop must confirm exact variant, local selling price and availability","Parle-G Gold Biscuits (reference example)","4","https://www.bigbasket.com/pd/40204945/parle-g-gold-biscuits-1-kg/","2026-10-08"
"52","Grocery / Kirana Store","Cream Biscuits","goods","variant_and_source_pending","Exact brand/variety, grade and pack weight/volume/count","","0","","2026-10-08"
"53","Grocery / Kirana Store","Potato Chips","goods","variant_and_source_pending","Exact brand/variety, grade and pack weight/volume/count","","0","","2026-10-08"
"54","Grocery / Kirana Store","Namkeen","goods","variant_and_source_pending","Exact brand/variety, grade and pack weight/volume/count","","0","","2026-10-08"
"55","Grocery / Kirana Store","Bhujia","goods","variant_and_source_pending","Exact brand/variety, grade and pack weight/volume/count","","0","","2026-10-08"
"56","Grocery / Kirana Store","Popcorn","goods","variant_and_source_pending","Exact brand/variety, grade and pack weight/volume/count","","0","","2026-10-08"
"57","Grocery / Kirana Store","Noodles","goods","retail_reference_only","Shop must confirm exact variant, local selling price and availability","Maggi Instant Masala Noodles (reference example)","5","https://www.bigbasket.com/pd/266160/maggi-masala-instant-noodles-vegetarian-70-g-pouch/","2026-10-08"
"58","Grocery / Kirana Store","Pasta","goods","variant_and_source_pending","Exact brand/variety, grade and pack weight/volume/count","","0","","2026-10-08"
"59","Grocery / Kirana Store","Vermicelli","goods","variant_and_source_pending","Exact brand/variety, grade and pack weight/volume/count","","0","","2026-10-08"
"60","Grocery / Kirana Store","Papad","goods","variant_and_source_pending","Exact brand/variety, grade and pack weight/volume/count","","0","","2026-10-08"
"61","Grocery / Kirana Store","Tea","goods","retail_reference_only","Shop must confirm exact variant, local selling price and availability","Brooke Bond Red Label Tea (reference example)","4","https://www.bigbasket.com/pd/266575/red-label-tea-250-g-carton/","2026-10-08"
"62","Grocery / Kirana Store","Green Tea","goods","variant_and_source_pending","Exact brand/variety, grade and pack weight/volume/count","","0","","2026-10-08"
"63","Grocery / Kirana Store","Instant Coffee","goods","retail_reference_only","Shop must confirm exact variant, local selling price and availability","BRU Instant Coffee (reference example)","4","https://www.bigbasket.com/pd/266531/bru-instant-coffee-100-g/","2026-10-08"
"64","Grocery / Kirana Store","Cocoa Powder","goods","variant_and_source_pending","Exact brand/variety, grade and pack weight/volume/count","","0","","2026-10-08"
"65","Grocery / Kirana Store","Fruit Juice","goods","variant_and_source_pending","Exact brand/variety, grade and pack weight/volume/count","","0","","2026-10-08"
"66","Grocery / Kirana Store","Packaged Water","goods","variant_and_source_pending","Exact brand/variety, grade and pack weight/volume/count","","0","","2026-10-08"
"67","Grocery / Kirana Store","Cold Drink","goods","variant_and_source_pending","Exact brand/variety, grade and pack weight/volume/count","","0","","2026-10-08"
"68","Grocery / Kirana Store","Sharbat","goods","variant_and_source_pending","Exact brand/variety, grade and pack weight/volume/count","","0","","2026-10-08"
"69","Grocery / Kirana Store","Energy Drink","goods","variant_and_source_pending","Exact brand/variety, grade and pack weight/volume/count","","0","","2026-10-08"
"70","Grocery / Kirana Store","Glucose Drink","goods","variant_and_source_pending","Exact brand/variety, grade and pack weight/volume/count","","0","","2026-10-08"
"71","Grocery / Kirana Store","Corn Flakes","goods","variant_and_source_pending","Exact brand/variety, grade and pack weight/volume/count","","0","","2026-10-08"
"72","Grocery / Kirana Store","Oats","goods","variant_and_source_pending","Exact brand/variety, grade and pack weight/volume/count","","0","","2026-10-08"
"73","Grocery / Kirana Store","Muesli","goods","variant_and_source_pending","Exact brand/variety, grade and pack weight/volume/count","","0","","2026-10-08"
"74","Grocery / Kirana Store","Peanut Butter","goods","variant_and_source_pending","Exact brand/variety, grade and pack weight/volume/count","","0","","2026-10-08"
"75","Grocery / Kirana Store","Mixed Fruit Jam","goods","variant_and_source_pending","Exact brand/variety, grade and pack weight/volume/count","","0","","2026-10-08"
"76","Grocery / Kirana Store","Honey","goods","variant_and_source_pending","Exact brand/variety, grade and pack weight/volume/count","","0","","2026-10-08"
"77","Grocery / Kirana Store","Chocolate Spread","goods","variant_and_source_pending","Exact brand/variety, grade and pack weight/volume/count","","0","","2026-10-08"
"78","Grocery / Kirana Store","Choco Flakes","goods","variant_and_source_pending","Exact brand/variety, grade and pack weight/volume/count","","0","","2026-10-08"
"79","Grocery / Kirana Store","Poha","goods","variant_and_source_pending","Exact brand/variety, grade and pack weight/volume/count","","0","","2026-10-08"
"80","Grocery / Kirana Store","Sabudana","goods","variant_and_source_pending","Exact brand/variety, grade and pack weight/volume/count","","0","","2026-10-08"
"81","Fruit & Vegetable Shop","Potato","goods","variant_and_source_pending","Exact brand/variety, grade and pack weight/volume/count","","0","","2026-10-08"
"82","Fruit & Vegetable Shop","Onion","goods","variant_and_source_pending","Exact brand/variety, grade and pack weight/volume/count","","0","","2026-10-08"
"83","Fruit & Vegetable Shop","Tomato","goods","variant_and_source_pending","Exact brand/variety, grade and pack weight/volume/count","","0","","2026-10-08"
"84","Fruit & Vegetable Shop","Cauliflower","goods","variant_and_source_pending","Exact brand/variety, grade and pack weight/volume/count","","0","","2026-10-08"
"85","Fruit & Vegetable Shop","Cabbage","goods","variant_and_source_pending","Exact brand/variety, grade and pack weight/volume/count","","0","","2026-10-08"
"86","Fruit & Vegetable Shop","Carrot","goods","variant_and_source_pending","Exact brand/variety, grade and pack weight/volume/count","","0","","2026-10-08"
"87","Fruit & Vegetable Shop","Peas","goods","variant_and_source_pending","Exact brand/variety, grade and pack weight/volume/count","","0","","2026-10-08"
"88","Fruit & Vegetable Shop","Lady Finger","goods","variant_and_source_pending","Exact brand/variety, grade and pack weight/volume/count","","0","","2026-10-08"
"89","Fruit & Vegetable Shop","Brinjal","goods","variant_and_source_pending","Exact brand/variety, grade and pack weight/volume/count","","0","","2026-10-08"
"90","Fruit & Vegetable Shop","Bottle Gourd","goods","variant_and_source_pending","Exact brand/variety, grade and pack weight/volume/count","","0","","2026-10-08"
"91","Fruit & Vegetable Shop","Apple","goods","variant_and_source_pending","Exact brand/variety, grade and pack weight/volume/count","","0","","2026-10-08"
"92","Fruit & Vegetable Shop","Banana","goods","variant_and_source_pending","Exact brand/variety, grade and pack weight/volume/count","","0","","2026-10-08"
"93","Fruit & Vegetable Shop","Mango","goods","variant_and_source_pending","Exact brand/variety, grade and pack weight/volume/count","","0","","2026-10-08"
"94","Fruit & Vegetable Shop","Orange","goods","variant_and_source_pending","Exact brand/variety, grade and pack weight/volume/count","","0","","2026-10-08"
"95","Fruit & Vegetable Shop","Grapes","goods","variant_and_source_pending","Exact brand/variety, grade and pack weight/volume/count","","0","","2026-10-08"
"96","Fruit & Vegetable Shop","Guava","goods","variant_and_source_pending","Exact brand/variety, grade and pack weight/volume/count","","0","","2026-10-08"
"97","Fruit & Vegetable Shop","Papaya","goods","variant_and_source_pending","Exact brand/variety, grade and pack weight/volume/count","","0","","2026-10-08"
"98","Fruit & Vegetable Shop","Pomegranate","goods","variant_and_source_pending","Exact brand/variety, grade and pack weight/volume/count","","0","","2026-10-08"
"99","Fruit & Vegetable Shop","Watermelon","goods","variant_and_source_pending","Exact brand/variety, grade and pack weight/volume/count","","0","","2026-10-08"
"100","Fruit & Vegetable Shop","Muskmelon","goods","variant_and_source_pending","Exact brand/variety, grade and pack weight/volume/count","","0","","2026-10-08"
"101","Fruit & Vegetable Shop","Spinach","goods","variant_and_source_pending","Exact brand/variety, grade and pack weight/volume/count","","0","","2026-10-08"
"102","Fruit & Vegetable Shop","Fenugreek Leaves","goods","variant_and_source_pending","Exact brand/variety, grade and pack weight/volume/count","","0","","2026-10-08"
"103","Fruit & Vegetable Shop","Coriander","goods","variant_and_source_pending","Exact brand/variety, grade and pack weight/volume/count","","0","","2026-10-08"
"104","Fruit & Vegetable Shop","Mint","goods","variant_and_source_pending","Exact brand/variety, grade and pack weight/volume/count","","0","","2026-10-08"
"105","Fruit & Vegetable Shop","Curry Leaves","goods","variant_and_source_pending","Exact brand/variety, grade and pack weight/volume/count","","0","","2026-10-08"
"106","Fruit & Vegetable Shop","Spring Onion","goods","variant_and_source_pending","Exact brand/variety, grade and pack weight/volume/count","","0","","2026-10-08"
"107","Fruit & Vegetable Shop","Green Chilli","goods","variant_and_source_pending","Exact brand/variety, grade and pack weight/volume/count","","0","","2026-10-08"
"108","Fruit & Vegetable Shop","Ginger","goods","variant_and_source_pending","Exact brand/variety, grade and pack weight/volume/count","","0","","2026-10-08"
"109","Fruit & Vegetable Shop","Garlic","goods","variant_and_source_pending","Exact brand/variety, grade and pack weight/volume/count","","0","","2026-10-08"
"110","Fruit & Vegetable Shop","Lemon","goods","variant_and_source_pending","Exact brand/variety, grade and pack weight/volume/count","","0","","2026-10-08"
"111","Dairy Shop","Toned Milk","goods","variant_and_source_pending","Exact brand/variety, grade and pack weight/volume/count","","0","","2026-10-08"
"112","Dairy Shop","Full Cream Milk","goods","variant_and_source_pending","Exact brand/variety, grade and pack weight/volume/count","","0","","2026-10-08"
"113","Dairy Shop","Curd","goods","variant_and_source_pending","Exact brand/variety, grade and pack weight/volume/count","","0","","2026-10-08"
"114","Dairy Shop","Buttermilk","goods","variant_and_source_pending","Exact brand/variety, grade and pack weight/volume/count","","0","","2026-10-08"
"115","Dairy Shop","Lassi","goods","variant_and_source_pending","Exact brand/variety, grade and pack weight/volume/count","","0","","2026-10-08"
"116","Dairy Shop","Paneer","goods","retail_reference_only","Shop must confirm exact variant, local selling price and availability","Amul Fresh Malai Paneer (reference example)","3","https://www.bigbasket.com/pd/40096747/amul-malai-fresh-paneer-200-g/","2026-10-08"
"117","Dairy Shop","Butter","goods","retail_reference_only","Shop must confirm exact variant, local selling price and availability","Amul Pasteurised Butter (reference example)","2","https://www.bigbasket.com/pd/104860/amul-butter-pasteurised-100-g-carton/","2026-10-08"
"118","Dairy Shop","Cheese Slices","goods","variant_and_source_pending","Exact brand/variety, grade and pack weight/volume/count","","0","","2026-10-08"
"119","Dairy Shop","Fresh Cream","goods","retail_reference_only","Shop must confirm exact variant, local selling price and availability","Amul Fresh Cream (reference example)","2","https://www.bigbasket.com/pd/40102603/amul-fresh-cream-25-milk-fat-low-fat-250-ml/","2026-10-08"
"120","Dairy Shop","Ghee","goods","retail_reference_only","Shop must confirm exact variant, local selling price and availability","Amul Pure Ghee (reference example)","2","https://www.bigbasket.com/pd/40050536/amul-ghee-1-l-pouch/","2026-10-08"
"121","Bakery","White Bread","goods","variant_and_source_pending","Exact brand/variety, grade and pack weight/volume/count","","0","","2026-10-08"
"122","Bakery","Brown Bread","goods","variant_and_source_pending","Exact brand/variety, grade and pack weight/volume/count","","0","","2026-10-08"
"123","Bakery","Multigrain Bread","goods","variant_and_source_pending","Exact brand/variety, grade and pack weight/volume/count","","0","","2026-10-08"
"124","Bakery","Milk Bread","goods","variant_and_source_pending","Exact brand/variety, grade and pack weight/volume/count","","0","","2026-10-08"
"125","Bakery","Pav","goods","variant_and_source_pending","Exact brand/variety, grade and pack weight/volume/count","","0","","2026-10-08"
"126","Bakery","Burger Bun","goods","variant_and_source_pending","Exact brand/variety, grade and pack weight/volume/count","","0","","2026-10-08"
"127","Bakery","Pizza Base","goods","variant_and_source_pending","Exact brand/variety, grade and pack weight/volume/count","","0","","2026-10-08"
"128","Bakery","Garlic Bread","goods","variant_and_source_pending","Exact brand/variety, grade and pack weight/volume/count","","0","","2026-10-08"
"129","Bakery","Rusk","goods","variant_and_source_pending","Exact brand/variety, grade and pack weight/volume/count","","0","","2026-10-08"
"130","Bakery","Toast","goods","variant_and_source_pending","Exact brand/variety, grade and pack weight/volume/count","","0","","2026-10-08"
"131","Bakery","Chocolate Cake","goods","variant_and_source_pending","Exact brand/variety, grade and pack weight/volume/count","","0","","2026-10-08"
"132","Bakery","Vanilla Cake","goods","variant_and_source_pending","Exact brand/variety, grade and pack weight/volume/count","","0","","2026-10-08"
"133","Bakery","Black Forest Cake","goods","variant_and_source_pending","Exact brand/variety, grade and pack weight/volume/count","","0","","2026-10-08"
"134","Bakery","Red Velvet Cake","goods","variant_and_source_pending","Exact brand/variety, grade and pack weight/volume/count","","0","","2026-10-08"
"135","Bakery","Pineapple Cake","goods","variant_and_source_pending","Exact brand/variety, grade and pack weight/volume/count","","0","","2026-10-08"
"136","Bakery","Chocolate Pastry","goods","variant_and_source_pending","Exact brand/variety, grade and pack weight/volume/count","","0","","2026-10-08"
"137","Bakery","Pineapple Pastry","goods","variant_and_source_pending","Exact brand/variety, grade and pack weight/volume/count","","0","","2026-10-08"
"138","Bakery","Muffin","goods","variant_and_source_pending","Exact brand/variety, grade and pack weight/volume/count","","0","","2026-10-08"
"139","Bakery","Donut","goods","variant_and_source_pending","Exact brand/variety, grade and pack weight/volume/count","","0","","2026-10-08"
"140","Bakery","Cookies","goods","variant_and_source_pending","Exact brand/variety, grade and pack weight/volume/count","","0","","2026-10-08"
"141","Sweet Shop","Gulab Jamun","goods","variant_and_source_pending","Exact brand/variety, grade and pack weight/volume/count","","0","","2026-10-08"
"142","Sweet Shop","Rasgulla","goods","variant_and_source_pending","Exact brand/variety, grade and pack weight/volume/count","","0","","2026-10-08"
"143","Sweet Shop","Laddu","goods","variant_and_source_pending","Exact brand/variety, grade and pack weight/volume/count","","0","","2026-10-08"
"144","Sweet Shop","Peda","goods","variant_and_source_pending","Exact brand/variety, grade and pack weight/volume/count","","0","","2026-10-08"
"145","Sweet Shop","Barfi","goods","variant_and_source_pending","Exact brand/variety, grade and pack weight/volume/count","","0","","2026-10-08"
"146","Sweet Shop","Kaju Katli","goods","variant_and_source_pending","Exact brand/variety, grade and pack weight/volume/count","","0","","2026-10-08"
"147","Sweet Shop","Jalebi","goods","variant_and_source_pending","Exact brand/variety, grade and pack weight/volume/count","","0","","2026-10-08"
"148","Sweet Shop","Imarti","goods","variant_and_source_pending","Exact brand/variety, grade and pack weight/volume/count","","0","","2026-10-08"
"149","Sweet Shop","Soan Papdi","goods","variant_and_source_pending","Exact brand/variety, grade and pack weight/volume/count","","0","","2026-10-08"
"150","Sweet Shop","Gajar Halwa","goods","variant_and_source_pending","Exact brand/variety, grade and pack weight/volume/count","","0","","2026-10-08"
"151","Sweet Shop","Samosa","goods","variant_and_source_pending","Exact brand/variety, grade and pack weight/volume/count","","0","","2026-10-08"
"152","Sweet Shop","Kachori","goods","variant_and_source_pending","Exact brand/variety, grade and pack weight/volume/count","","0","","2026-10-08"
"153","Sweet Shop","Aloo Tikki","goods","variant_and_source_pending","Exact brand/variety, grade and pack weight/volume/count","","0","","2026-10-08"
"154","Sweet Shop","Dahi Puri","goods","variant_and_source_pending","Exact brand/variety, grade and pack weight/volume/count","","0","","2026-10-08"
"155","Sweet Shop","Pani Puri","goods","variant_and_source_pending","Exact brand/variety, grade and pack weight/volume/count","","0","","2026-10-08"
"156","Sweet Shop","Bhel Puri","goods","variant_and_source_pending","Exact brand/variety, grade and pack weight/volume/count","","0","","2026-10-08"
"157","Sweet Shop","Mixture","goods","variant_and_source_pending","Exact brand/variety, grade and pack weight/volume/count","","0","","2026-10-08"
"158","Sweet Shop","Sev","goods","variant_and_source_pending","Exact brand/variety, grade and pack weight/volume/count","","0","","2026-10-08"
"159","Sweet Shop","Mathri","goods","variant_and_source_pending","Exact brand/variety, grade and pack weight/volume/count","","0","","2026-10-08"
"160","Sweet Shop","Namak Para","goods","variant_and_source_pending","Exact brand/variety, grade and pack weight/volume/count","","0","","2026-10-08"
"161","Meat / Chicken / Fish Shop","Chicken Curry Cut","goods","variant_and_source_pending","Exact brand/variety, grade and pack weight/volume/count","","0","","2026-10-08"
"162","Meat / Chicken / Fish Shop","Chicken Breast","goods","variant_and_source_pending","Exact brand/variety, grade and pack weight/volume/count","","0","","2026-10-08"
"163","Meat / Chicken / Fish Shop","Chicken Leg","goods","variant_and_source_pending","Exact brand/variety, grade and pack weight/volume/count","","0","","2026-10-08"
"164","Meat / Chicken / Fish Shop","Whole Chicken","goods","variant_and_source_pending","Exact brand/variety, grade and pack weight/volume/count","","0","","2026-10-08"
"165","Meat / Chicken / Fish Shop","Mutton Curry Cut","goods","variant_and_source_pending","Exact brand/variety, grade and pack weight/volume/count","","0","","2026-10-08"
"166","Meat / Chicken / Fish Shop","Mutton Boneless","goods","variant_and_source_pending","Exact brand/variety, grade and pack weight/volume/count","","0","","2026-10-08"
"167","Meat / Chicken / Fish Shop","Fish Rohu","goods","variant_and_source_pending","Exact brand/variety, grade and pack weight/volume/count","","0","","2026-10-08"
"168","Meat / Chicken / Fish Shop","Fish Katla","goods","variant_and_source_pending","Exact brand/variety, grade and pack weight/volume/count","","0","","2026-10-08"
"169","Meat / Chicken / Fish Shop","Prawns","goods","variant_and_source_pending","Exact brand/variety, grade and pack weight/volume/count","","0","","2026-10-08"
"170","Meat / Chicken / Fish Shop","Eggs","goods","variant_and_source_pending","Exact brand/variety, grade and pack weight/volume/count","","0","","2026-10-08"
"171","Dry Fruits & Organic Store","Almonds","goods","variant_and_source_pending","Exact brand/variety, grade and pack weight/volume/count","","0","","2026-10-08"
"172","Dry Fruits & Organic Store","Cashews","goods","variant_and_source_pending","Exact brand/variety, grade and pack weight/volume/count","","0","","2026-10-08"
"173","Dry Fruits & Organic Store","Pistachios","goods","variant_and_source_pending","Exact brand/variety, grade and pack weight/volume/count","","0","","2026-10-08"
"174","Dry Fruits & Organic Store","Walnuts","goods","variant_and_source_pending","Exact brand/variety, grade and pack weight/volume/count","","0","","2026-10-08"
"175","Dry Fruits & Organic Store","Raisins","goods","variant_and_source_pending","Exact brand/variety, grade and pack weight/volume/count","","0","","2026-10-08"
"176","Dry Fruits & Organic Store","Dates","goods","variant_and_source_pending","Exact brand/variety, grade and pack weight/volume/count","","0","","2026-10-08"
"177","Dry Fruits & Organic Store","Figs","goods","variant_and_source_pending","Exact brand/variety, grade and pack weight/volume/count","","0","","2026-10-08"
"178","Dry Fruits & Organic Store","Makhana","goods","variant_and_source_pending","Exact brand/variety, grade and pack weight/volume/count","","0","","2026-10-08"
"179","Dry Fruits & Organic Store","Chia Seeds","goods","variant_and_source_pending","Exact brand/variety, grade and pack weight/volume/count","","0","","2026-10-08"
"180","Dry Fruits & Organic Store","Flax Seeds","goods","variant_and_source_pending","Exact brand/variety, grade and pack weight/volume/count","","0","","2026-10-08"
"181","Clothing / Garments Shop","Formal Shirt","goods","variant_and_source_pending","Brand, size, colour, material and piece/set","","0","","2026-10-08"
"182","Clothing / Garments Shop","Casual Shirt","goods","variant_and_source_pending","Brand, size, colour, material and piece/set","","0","","2026-10-08"
"183","Clothing / Garments Shop","T-Shirt","goods","variant_and_source_pending","Brand, size, colour, material and piece/set","","0","","2026-10-08"
"184","Clothing / Garments Shop","Polo T-Shirt","goods","variant_and_source_pending","Brand, size, colour, material and piece/set","","0","","2026-10-08"
"185","Clothing / Garments Shop","Jeans","goods","variant_and_source_pending","Brand, size, colour, material and piece/set","","0","","2026-10-08"
"186","Clothing / Garments Shop","Formal Trouser","goods","variant_and_source_pending","Brand, size, colour, material and piece/set","","0","","2026-10-08"
"187","Clothing / Garments Shop","Track Pant","goods","variant_and_source_pending","Brand, size, colour, material and piece/set","","0","","2026-10-08"
"188","Clothing / Garments Shop","Kurta","goods","variant_and_source_pending","Brand, size, colour, material and piece/set","","0","","2026-10-08"
"189","Clothing / Garments Shop","Kurta Pajama","goods","variant_and_source_pending","Brand, size, colour, material and piece/set","","0","","2026-10-08"
"190","Clothing / Garments Shop","Blazer","goods","variant_and_source_pending","Brand, size, colour, material and piece/set","","0","","2026-10-08"
"191","Clothing / Garments Shop","Saree","goods","variant_and_source_pending","Brand, size, colour, material and piece/set","","0","","2026-10-08"
"192","Clothing / Garments Shop","Salwar Suit","goods","variant_and_source_pending","Brand, size, colour, material and piece/set","","0","","2026-10-08"
"193","Clothing / Garments Shop","Kurti","goods","variant_and_source_pending","Brand, size, colour, material and piece/set","","0","","2026-10-08"
"194","Clothing / Garments Shop","Leggings","goods","variant_and_source_pending","Brand, size, colour, material and piece/set","","0","","2026-10-08"
"195","Clothing / Garments Shop","Women's Jeans","goods","variant_and_source_pending","Brand, size, colour, material and piece/set","","0","","2026-10-08"
"196","Clothing / Garments Shop","Top","goods","variant_and_source_pending","Brand, size, colour, material and piece/set","","0","","2026-10-08"
"197","Clothing / Garments Shop","Gown","goods","variant_and_source_pending","Brand, size, colour, material and piece/set","","0","","2026-10-08"
"198","Clothing / Garments Shop","Skirt","goods","variant_and_source_pending","Brand, size, colour, material and piece/set","","0","","2026-10-08"
"199","Clothing / Garments Shop","Blouse","goods","variant_and_source_pending","Brand, size, colour, material and piece/set","","0","","2026-10-08"
"200","Clothing / Garments Shop","Dupatta","goods","variant_and_source_pending","Brand, size, colour, material and piece/set","","0","","2026-10-08"
"201","Clothing / Garments Shop","Kids T-Shirt","goods","variant_and_source_pending","Brand, size, colour, material and piece/set","","0","","2026-10-08"
"202","Clothing / Garments Shop","Kids Shirt","goods","variant_and_source_pending","Brand, size, colour, material and piece/set","","0","","2026-10-08"
"203","Clothing / Garments Shop","Kids Jeans","goods","variant_and_source_pending","Brand, size, colour, material and piece/set","","0","","2026-10-08"
"204","Clothing / Garments Shop","Kids Trouser","goods","variant_and_source_pending","Brand, size, colour, material and piece/set","","0","","2026-10-08"
"205","Clothing / Garments Shop","Frock","goods","variant_and_source_pending","Brand, size, colour, material and piece/set","","0","","2026-10-08"
"206","Clothing / Garments Shop","School Dress","goods","variant_and_source_pending","Brand, size, colour, material and piece/set","","0","","2026-10-08"
"207","Clothing / Garments Shop","Party Dress","goods","variant_and_source_pending","Brand, size, colour, material and piece/set","","0","","2026-10-08"
"208","Clothing / Garments Shop","Shorts","goods","variant_and_source_pending","Brand, size, colour, material and piece/set","","0","","2026-10-08"
"209","Clothing / Garments Shop","Sweater","goods","variant_and_source_pending","Brand, size, colour, material and piece/set","","0","","2026-10-08"
"210","Clothing / Garments Shop","Jacket","goods","variant_and_source_pending","Brand, size, colour, material and piece/set","","0","","2026-10-08"
"211","Textile / Fabric Shop","Cotton Fabric","goods","variant_and_source_pending","Brand, size, colour, material and piece/set","","0","","2026-10-08"
"212","Textile / Fabric Shop","Silk Fabric","goods","variant_and_source_pending","Brand, size, colour, material and piece/set","","0","","2026-10-08"
"213","Textile / Fabric Shop","Linen Fabric","goods","variant_and_source_pending","Brand, size, colour, material and piece/set","","0","","2026-10-08"
"214","Textile / Fabric Shop","Polyester Fabric","goods","variant_and_source_pending","Brand, size, colour, material and piece/set","","0","","2026-10-08"
"215","Textile / Fabric Shop","Suiting Fabric","goods","variant_and_source_pending","Brand, size, colour, material and piece/set","","0","","2026-10-08"
"216","Textile / Fabric Shop","Shirting Fabric","goods","variant_and_source_pending","Brand, size, colour, material and piece/set","","0","","2026-10-08"
"217","Textile / Fabric Shop","Velvet Fabric","goods","variant_and_source_pending","Brand, size, colour, material and piece/set","","0","","2026-10-08"
"218","Textile / Fabric Shop","Georgette Fabric","goods","variant_and_source_pending","Brand, size, colour, material and piece/set","","0","","2026-10-08"
"219","Textile / Fabric Shop","Chiffon Fabric","goods","variant_and_source_pending","Brand, size, colour, material and piece/set","","0","","2026-10-08"
"220","Textile / Fabric Shop","Lining Fabric","goods","variant_and_source_pending","Brand, size, colour, material and piece/set","","0","","2026-10-08"
"221","Footwear Shop","Formal Shoes","goods","variant_and_source_pending","Brand, size, colour, material and piece/set","","0","","2026-10-08"
"222","Footwear Shop","Casual Shoes","goods","variant_and_source_pending","Brand, size, colour, material and piece/set","","0","","2026-10-08"
"223","Footwear Shop","Sports Shoes","goods","variant_and_source_pending","Brand, size, colour, material and piece/set","","0","","2026-10-08"
"224","Footwear Shop","School Shoes","goods","variant_and_source_pending","Brand, size, colour, material and piece/set","","0","","2026-10-08"
"225","Footwear Shop","Running Shoes","goods","variant_and_source_pending","Brand, size, colour, material and piece/set","","0","","2026-10-08"
"226","Footwear Shop","Sandals","goods","variant_and_source_pending","Brand, size, colour, material and piece/set","","0","","2026-10-08"
"227","Footwear Shop","Slippers","goods","variant_and_source_pending","Brand, size, colour, material and piece/set","","0","","2026-10-08"
"228","Footwear Shop","Flip Flops","goods","variant_and_source_pending","Brand, size, colour, material and piece/set","","0","","2026-10-08"
"229","Footwear Shop","Boots","goods","variant_and_source_pending","Brand, size, colour, material and piece/set","","0","","2026-10-08"
"230","Footwear Shop","Kids Shoes","goods","variant_and_source_pending","Brand, size, colour, material and piece/set","","0","","2026-10-08"
"231","Jewelry Shop","Gold Ring","goods","variant_and_source_pending","Exact brand/variety, grade and pack weight/volume/count","","0","","2026-10-08"
"232","Jewelry Shop","Gold Chain","goods","variant_and_source_pending","Exact brand/variety, grade and pack weight/volume/count","","0","","2026-10-08"
"233","Jewelry Shop","Gold Necklace","goods","variant_and_source_pending","Exact brand/variety, grade and pack weight/volume/count","","0","","2026-10-08"
"234","Jewelry Shop","Gold Earrings","goods","variant_and_source_pending","Exact brand/variety, grade and pack weight/volume/count","","0","","2026-10-08"
"235","Jewelry Shop","Gold Bangle","goods","variant_and_source_pending","Exact brand/variety, grade and pack weight/volume/count","","0","","2026-10-08"
"236","Jewelry Shop","Mangalsutra","goods","variant_and_source_pending","Exact brand/variety, grade and pack weight/volume/count","","0","","2026-10-08"
"237","Jewelry Shop","Silver Anklet","goods","variant_and_source_pending","Exact brand/variety, grade and pack weight/volume/count","","0","","2026-10-08"
"238","Jewelry Shop","Silver Ring","goods","variant_and_source_pending","Exact brand/variety, grade and pack weight/volume/count","","0","","2026-10-08"
"239","Jewelry Shop","Silver Toe Ring","goods","variant_and_source_pending","Exact brand/variety, grade and pack weight/volume/count","","0","","2026-10-08"
"240","Jewelry Shop","Silver Coin","goods","variant_and_source_pending","Exact brand/variety, grade and pack weight/volume/count","","0","","2026-10-08"
"241","Cosmetics & Beauty Store","Face Wash","goods","variant_and_source_pending","Exact brand/variety, grade and pack weight/volume/count","","0","","2026-10-08"
"242","Cosmetics & Beauty Store","Moisturizer","goods","variant_and_source_pending","Exact brand/variety, grade and pack weight/volume/count","","0","","2026-10-08"
"243","Cosmetics & Beauty Store","Sunscreen","goods","variant_and_source_pending","Exact brand/variety, grade and pack weight/volume/count","","0","","2026-10-08"
"244","Cosmetics & Beauty Store","Cold Cream","goods","variant_and_source_pending","Exact brand/variety, grade and pack weight/volume/count","","0","","2026-10-08"
"245","Cosmetics & Beauty Store","Body Lotion","goods","retail_reference_only","Shop must confirm exact variant, local selling price and availability","Vaseline Deep Moisture Body Lotion (reference example)","6","https://www.bigbasket.com/pd/40118800/vaseline-intensive-care-deep-moisture-body-lotion-400-ml/","2026-10-08"
"246","Cosmetics & Beauty Store","Face Serum","goods","variant_and_source_pending","Exact brand/variety, grade and pack weight/volume/count","","0","","2026-10-08"
"247","Cosmetics & Beauty Store","Face Scrub","goods","variant_and_source_pending","Exact brand/variety, grade and pack weight/volume/count","","0","","2026-10-08"
"248","Cosmetics & Beauty Store","Lip Balm","goods","variant_and_source_pending","Exact brand/variety, grade and pack weight/volume/count","","0","","2026-10-08"
"249","Cosmetics & Beauty Store","Aloe Vera Gel","goods","variant_and_source_pending","Exact brand/variety, grade and pack weight/volume/count","","0","","2026-10-08"
"250","Cosmetics & Beauty Store","Toner","goods","variant_and_source_pending","Exact brand/variety, grade and pack weight/volume/count","","0","","2026-10-08"
"251","Cosmetics & Beauty Store","Shampoo","goods","retail_reference_only","Shop must confirm exact variant, local selling price and availability","Dove Daily Shine Shampoo (reference example)","5","https://www.bigbasket.com/pd/266692/dove-daily-shine-shampoo-180-ml/","2026-10-08"
"252","Cosmetics & Beauty Store","Conditioner","goods","variant_and_source_pending","Exact brand/variety, grade and pack weight/volume/count","","0","","2026-10-08"
"253","Cosmetics & Beauty Store","Hair Oil","goods","variant_and_source_pending","Exact brand/variety, grade and pack weight/volume/count","","0","","2026-10-08"
"254","Cosmetics & Beauty Store","Hair Serum","goods","variant_and_source_pending","Exact brand/variety, grade and pack weight/volume/count","","0","","2026-10-08"
"255","Cosmetics & Beauty Store","Hair Gel","goods","variant_and_source_pending","Exact brand/variety, grade and pack weight/volume/count","","0","","2026-10-08"
"256","Cosmetics & Beauty Store","Hair Wax","goods","variant_and_source_pending","Exact brand/variety, grade and pack weight/volume/count","","0","","2026-10-08"
"257","Cosmetics & Beauty Store","Hair Colour","goods","variant_and_source_pending","Exact brand/variety, grade and pack weight/volume/count","","0","","2026-10-08"
"258","Cosmetics & Beauty Store","Anti-Dandruff Shampoo","goods","variant_and_source_pending","Exact brand/variety, grade and pack weight/volume/count","","0","","2026-10-08"
"259","Cosmetics & Beauty Store","Hair Mask","goods","variant_and_source_pending","Exact brand/variety, grade and pack weight/volume/count","","0","","2026-10-08"
"260","Cosmetics & Beauty Store","Hair Spray","goods","variant_and_source_pending","Exact brand/variety, grade and pack weight/volume/count","","0","","2026-10-08"
"261","Cosmetics & Beauty Store","Lipstick","goods","variant_and_source_pending","Exact brand/variety, grade and pack weight/volume/count","","0","","2026-10-08"
"262","Cosmetics & Beauty Store","Lip Gloss","goods","variant_and_source_pending","Exact brand/variety, grade and pack weight/volume/count","","0","","2026-10-08"
"263","Cosmetics & Beauty Store","Foundation","goods","variant_and_source_pending","Exact brand/variety, grade and pack weight/volume/count","","0","","2026-10-08"
"264","Cosmetics & Beauty Store","Compact Powder","goods","variant_and_source_pending","Exact brand/variety, grade and pack weight/volume/count","","0","","2026-10-08"
"265","Cosmetics & Beauty Store","Kajal","goods","variant_and_source_pending","Exact brand/variety, grade and pack weight/volume/count","","0","","2026-10-08"
"266","Cosmetics & Beauty Store","Eyeliner","goods","variant_and_source_pending","Exact brand/variety, grade and pack weight/volume/count","","0","","2026-10-08"
"267","Cosmetics & Beauty Store","Mascara","goods","variant_and_source_pending","Exact brand/variety, grade and pack weight/volume/count","","0","","2026-10-08"
"268","Cosmetics & Beauty Store","Blush","goods","variant_and_source_pending","Exact brand/variety, grade and pack weight/volume/count","","0","","2026-10-08"
"269","Cosmetics & Beauty Store","Nail Polish","goods","variant_and_source_pending","Exact brand/variety, grade and pack weight/volume/count","","0","","2026-10-08"
"270","Cosmetics & Beauty Store","Makeup Kit","goods","variant_and_source_pending","Exact brand/variety, grade and pack weight/volume/count","","0","","2026-10-08"
"271","Medical / Pharmacy","Paracetamol Tablets","goods","variant_and_source_pending","Exact product, strength/type, brand and pack; shop quote","","0","","2026-10-08"
"272","Medical / Pharmacy","Antacid Tablets","goods","variant_and_source_pending","Exact product, strength/type, brand and pack; shop quote","","0","","2026-10-08"
"273","Medical / Pharmacy","ORS","goods","variant_and_source_pending","Exact product, strength/type, brand and pack; shop quote","","0","","2026-10-08"
"274","Medical / Pharmacy","Antiseptic Liquid","goods","variant_and_source_pending","Exact product, strength/type, brand and pack; shop quote","","0","","2026-10-08"
"275","Medical / Pharmacy","Bandage","goods","variant_and_source_pending","Exact product, strength/type, brand and pack; shop quote","","0","","2026-10-08"
"276","Medical / Pharmacy","Cotton","goods","variant_and_source_pending","Exact product, strength/type, brand and pack; shop quote","","0","","2026-10-08"
"277","Medical / Pharmacy","Gauze","goods","variant_and_source_pending","Exact product, strength/type, brand and pack; shop quote","","0","","2026-10-08"
"278","Medical / Pharmacy","Thermometer","goods","variant_and_source_pending","Exact product, strength/type, brand and pack; shop quote","","0","","2026-10-08"
"279","Medical / Pharmacy","Face Mask","goods","variant_and_source_pending","Exact product, strength/type, brand and pack; shop quote","","0","","2026-10-08"
"280","Medical / Pharmacy","Hand Sanitizer","goods","variant_and_source_pending","Exact product, strength/type, brand and pack; shop quote","","0","","2026-10-08"
"281","Mobile Store","Smartphone","goods","variant_and_source_pending","Brand, exact model, specification and pack","","0","","2026-10-08"
"282","Mobile Store","Feature Phone","goods","variant_and_source_pending","Brand, exact model, specification and pack","","0","","2026-10-08"
"283","Mobile Store","Mobile Cover","goods","variant_and_source_pending","Brand, exact model, specification and pack","","0","","2026-10-08"
"284","Mobile Store","Tempered Glass","goods","variant_and_source_pending","Brand, exact model, specification and pack","","0","","2026-10-08"
"285","Mobile Store","Wall Charger","goods","variant_and_source_pending","Brand, exact model, specification and pack","","0","","2026-10-08"
"286","Mobile Store","USB Cable","goods","variant_and_source_pending","Brand, exact model, specification and pack","","0","","2026-10-08"
"287","Mobile Store","Type-C Cable","goods","variant_and_source_pending","Brand, exact model, specification and pack","","0","","2026-10-08"
"288","Mobile Store","Power Bank","goods","variant_and_source_pending","Brand, exact model, specification and pack","","0","","2026-10-08"
"289","Mobile Store","Earphones","goods","variant_and_source_pending","Brand, exact model, specification and pack","","0","","2026-10-08"
"290","Mobile Store","Bluetooth Headphones","goods","variant_and_source_pending","Brand, exact model, specification and pack","","0","","2026-10-08"
"291","Computer Shop","Laptop","goods","variant_and_source_pending","Brand, exact model, specification and pack","","0","","2026-10-08"
"292","Computer Shop","Desktop PC","goods","variant_and_source_pending","Brand, exact model, specification and pack","","0","","2026-10-08"
"293","Computer Shop","Monitor","goods","variant_and_source_pending","Brand, exact model, specification and pack","","0","","2026-10-08"
"294","Computer Shop","Keyboard","goods","variant_and_source_pending","Brand, exact model, specification and pack","","0","","2026-10-08"
"295","Computer Shop","Mouse","goods","variant_and_source_pending","Brand, exact model, specification and pack","","0","","2026-10-08"
"296","Computer Shop","Printer","goods","variant_and_source_pending","Brand, exact model, specification and pack","","0","","2026-10-08"
"297","Computer Shop","Scanner","goods","variant_and_source_pending","Brand, exact model, specification and pack","","0","","2026-10-08"
"298","Computer Shop","Webcam","goods","variant_and_source_pending","Brand, exact model, specification and pack","","0","","2026-10-08"
"299","Computer Shop","SSD","goods","variant_and_source_pending","Brand, exact model, specification and pack","","0","","2026-10-08"
"300","Computer Shop","External Hard Drive","goods","variant_and_source_pending","Brand, exact model, specification and pack","","0","","2026-10-08"
"301","Electronics & Appliances","LED TV","goods","variant_and_source_pending","Brand, exact model, specification and pack","","0","","2026-10-08"
"302","Electronics & Appliances","Refrigerator","goods","variant_and_source_pending","Brand, exact model, specification and pack","","0","","2026-10-08"
"303","Electronics & Appliances","Washing Machine","goods","variant_and_source_pending","Brand, exact model, specification and pack","","0","","2026-10-08"
"304","Electronics & Appliances","Air Conditioner","goods","variant_and_source_pending","Brand, exact model, specification and pack","","0","","2026-10-08"
"305","Electronics & Appliances","Air Cooler","goods","variant_and_source_pending","Brand, exact model, specification and pack","","0","","2026-10-08"
"306","Electronics & Appliances","Microwave Oven","goods","variant_and_source_pending","Brand, exact model, specification and pack","","0","","2026-10-08"
"307","Electronics & Appliances","OTG Oven","goods","variant_and_source_pending","Brand, exact model, specification and pack","","0","","2026-10-08"
"308","Electronics & Appliances","Dishwasher","goods","variant_and_source_pending","Brand, exact model, specification and pack","","0","","2026-10-08"
"309","Electronics & Appliances","Water Heater","goods","variant_and_source_pending","Brand, exact model, specification and pack","","0","","2026-10-08"
"310","Electronics & Appliances","Vacuum Cleaner","goods","variant_and_source_pending","Brand, exact model, specification and pack","","0","","2026-10-08"
"311","Electrical Store","LED Bulb","goods","variant_and_source_pending","Brand, material/grade, dimensions/specification and quantity","","0","","2026-10-08"
"312","Electrical Store","Tube Light","goods","variant_and_source_pending","Brand, material/grade, dimensions/specification and quantity","","0","","2026-10-08"
"313","Electrical Store","Ceiling Fan","goods","variant_and_source_pending","Brand, material/grade, dimensions/specification and quantity","","0","","2026-10-08"
"314","Electrical Store","Exhaust Fan","goods","variant_and_source_pending","Brand, material/grade, dimensions/specification and quantity","","0","","2026-10-08"
"315","Electrical Store","Switch","goods","variant_and_source_pending","Brand, material/grade, dimensions/specification and quantity","","0","","2026-10-08"
"316","Electrical Store","Socket","goods","variant_and_source_pending","Brand, material/grade, dimensions/specification and quantity","","0","","2026-10-08"
"317","Electrical Store","MCB","goods","variant_and_source_pending","Brand, material/grade, dimensions/specification and quantity","","0","","2026-10-08"
"318","Electrical Store","Electrical Wire","goods","variant_and_source_pending","Brand, material/grade, dimensions/specification and quantity","","0","","2026-10-08"
"319","Electrical Store","Extension Board","goods","variant_and_source_pending","Brand, material/grade, dimensions/specification and quantity","","0","","2026-10-08"
"320","Electrical Store","LED Panel Light","goods","variant_and_source_pending","Brand, material/grade, dimensions/specification and quantity","","0","","2026-10-08"
"321","Hardware Shop","Hammer","goods","variant_and_source_pending","Brand, material/grade, dimensions/specification and quantity","","0","","2026-10-08"
"322","Hardware Shop","Screwdriver Set","goods","variant_and_source_pending","Brand, material/grade, dimensions/specification and quantity","","0","","2026-10-08"
"323","Hardware Shop","Pliers","goods","variant_and_source_pending","Brand, material/grade, dimensions/specification and quantity","","0","","2026-10-08"
"324","Hardware Shop","Spanner Set","goods","variant_and_source_pending","Brand, material/grade, dimensions/specification and quantity","","0","","2026-10-08"
"325","Hardware Shop","Measuring Tape","goods","variant_and_source_pending","Brand, material/grade, dimensions/specification and quantity","","0","","2026-10-08"
"326","Hardware Shop","Drill Machine","goods","variant_and_source_pending","Brand, material/grade, dimensions/specification and quantity","","0","","2026-10-08"
"327","Hardware Shop","Drill Bit Set","goods","variant_and_source_pending","Brand, material/grade, dimensions/specification and quantity","","0","","2026-10-08"
"328","Hardware Shop","Nails","goods","variant_and_source_pending","Brand, material/grade, dimensions/specification and quantity","","0","","2026-10-08"
"329","Hardware Shop","Screws","goods","variant_and_source_pending","Brand, material/grade, dimensions/specification and quantity","","0","","2026-10-08"
"330","Hardware Shop","Nut Bolt Set","goods","variant_and_source_pending","Brand, material/grade, dimensions/specification and quantity","","0","","2026-10-08"
"331","Building Material Store","Cement","goods","variant_and_source_pending","Brand, material/grade, dimensions/specification and quantity","","0","","2026-10-08"
"332","Building Material Store","TMT Steel Bar","goods","variant_and_source_pending","Brand, material/grade, dimensions/specification and quantity","","0","","2026-10-08"
"333","Building Material Store","Bricks","goods","variant_and_source_pending","Brand, material/grade, dimensions/specification and quantity","","0","","2026-10-08"
"334","Building Material Store","Sand","goods","variant_and_source_pending","Brand, material/grade, dimensions/specification and quantity","","0","","2026-10-08"
"335","Building Material Store","Stone Chips","goods","variant_and_source_pending","Brand, material/grade, dimensions/specification and quantity","","0","","2026-10-08"
"336","Building Material Store","AAC Block","goods","variant_and_source_pending","Brand, material/grade, dimensions/specification and quantity","","0","","2026-10-08"
"337","Building Material Store","Binding Wire","goods","variant_and_source_pending","Brand, material/grade, dimensions/specification and quantity","","0","","2026-10-08"
"338","Building Material Store","Construction Adhesive","goods","variant_and_source_pending","Brand, material/grade, dimensions/specification and quantity","","0","","2026-10-08"
"339","Building Material Store","Waterproofing Chemical","goods","variant_and_source_pending","Brand, material/grade, dimensions/specification and quantity","","0","","2026-10-08"
"340","Building Material Store","PVC Pipe","goods","variant_and_source_pending","Brand, material/grade, dimensions/specification and quantity","","0","","2026-10-08"
"341","Paint Store","Interior Emulsion Paint","goods","variant_and_source_pending","Brand, material/grade, dimensions/specification and quantity","","0","","2026-10-08"
"342","Paint Store","Exterior Paint","goods","variant_and_source_pending","Brand, material/grade, dimensions/specification and quantity","","0","","2026-10-08"
"343","Paint Store","Primer","goods","variant_and_source_pending","Brand, material/grade, dimensions/specification and quantity","","0","","2026-10-08"
"344","Paint Store","Wall Putty","goods","variant_and_source_pending","Brand, material/grade, dimensions/specification and quantity","","0","","2026-10-08"
"345","Paint Store","Enamel Paint","goods","variant_and_source_pending","Brand, material/grade, dimensions/specification and quantity","","0","","2026-10-08"
"346","Paint Store","Thinner","goods","variant_and_source_pending","Brand, material/grade, dimensions/specification and quantity","","0","","2026-10-08"
"347","Paint Store","Paint Brush","goods","variant_and_source_pending","Brand, material/grade, dimensions/specification and quantity","","0","","2026-10-08"
"348","Paint Store","Paint Roller","goods","variant_and_source_pending","Brand, material/grade, dimensions/specification and quantity","","0","","2026-10-08"
"349","Paint Store","Sandpaper","goods","variant_and_source_pending","Brand, material/grade, dimensions/specification and quantity","","0","","2026-10-08"
"350","Paint Store","Waterproofing Paint","goods","variant_and_source_pending","Brand, material/grade, dimensions/specification and quantity","","0","","2026-10-08"
"351","Sanitaryware Shop","Wash Basin","goods","variant_and_source_pending","Brand, material/grade, dimensions/specification and quantity","","0","","2026-10-08"
"352","Sanitaryware Shop","Western Toilet","goods","variant_and_source_pending","Brand, material/grade, dimensions/specification and quantity","","0","","2026-10-08"
"353","Sanitaryware Shop","Indian Toilet","goods","variant_and_source_pending","Brand, material/grade, dimensions/specification and quantity","","0","","2026-10-08"
"354","Sanitaryware Shop","Faucet","goods","variant_and_source_pending","Brand, material/grade, dimensions/specification and quantity","","0","","2026-10-08"
"355","Sanitaryware Shop","Shower","goods","variant_and_source_pending","Brand, material/grade, dimensions/specification and quantity","","0","","2026-10-08"
"356","Sanitaryware Shop","Health Faucet","goods","variant_and_source_pending","Brand, material/grade, dimensions/specification and quantity","","0","","2026-10-08"
"357","Sanitaryware Shop","Kitchen Sink","goods","variant_and_source_pending","Brand, material/grade, dimensions/specification and quantity","","0","","2026-10-08"
"358","Sanitaryware Shop","Bathroom Mirror","goods","variant_and_source_pending","Brand, material/grade, dimensions/specification and quantity","","0","","2026-10-08"
"359","Sanitaryware Shop","Floor Drain","goods","variant_and_source_pending","Brand, material/grade, dimensions/specification and quantity","","0","","2026-10-08"
"360","Sanitaryware Shop","PVC Pipe","goods","variant_and_source_pending","Brand, material/grade, dimensions/specification and quantity","","0","","2026-10-08"
"361","Tiles & Flooring Shop","Ceramic Floor Tile","goods","variant_and_source_pending","Exact brand/variety, grade and pack weight/volume/count","","0","","2026-10-08"
"362","Tiles & Flooring Shop","Vitrified Tile","goods","variant_and_source_pending","Exact brand/variety, grade and pack weight/volume/count","","0","","2026-10-08"
"363","Tiles & Flooring Shop","Wall Tile","goods","variant_and_source_pending","Exact brand/variety, grade and pack weight/volume/count","","0","","2026-10-08"
"364","Tiles & Flooring Shop","Bathroom Tile","goods","variant_and_source_pending","Exact brand/variety, grade and pack weight/volume/count","","0","","2026-10-08"
"365","Tiles & Flooring Shop","Kitchen Tile","goods","variant_and_source_pending","Exact brand/variety, grade and pack weight/volume/count","","0","","2026-10-08"
"366","Tiles & Flooring Shop","Marble","goods","variant_and_source_pending","Exact brand/variety, grade and pack weight/volume/count","","0","","2026-10-08"
"367","Tiles & Flooring Shop","Granite","goods","variant_and_source_pending","Exact brand/variety, grade and pack weight/volume/count","","0","","2026-10-08"
"368","Tiles & Flooring Shop","Tile Adhesive","goods","variant_and_source_pending","Exact brand/variety, grade and pack weight/volume/count","","0","","2026-10-08"
"369","Tiles & Flooring Shop","Tile Grout","goods","variant_and_source_pending","Exact brand/variety, grade and pack weight/volume/count","","0","","2026-10-08"
"370","Tiles & Flooring Shop","PVC Flooring","goods","variant_and_source_pending","Exact brand/variety, grade and pack weight/volume/count","","0","","2026-10-08"
"371","Furniture Shop","Bed","goods","variant_and_source_pending","Exact brand/variety, grade and pack weight/volume/count","","0","","2026-10-08"
"372","Furniture Shop","Sofa Set","goods","variant_and_source_pending","Exact brand/variety, grade and pack weight/volume/count","","0","","2026-10-08"
"373","Furniture Shop","Dining Table","goods","variant_and_source_pending","Exact brand/variety, grade and pack weight/volume/count","","0","","2026-10-08"
"374","Furniture Shop","Dining Chair","goods","variant_and_source_pending","Exact brand/variety, grade and pack weight/volume/count","","0","","2026-10-08"
"375","Furniture Shop","Wardrobe","goods","variant_and_source_pending","Exact brand/variety, grade and pack weight/volume/count","","0","","2026-10-08"
"376","Furniture Shop","Dressing Table","goods","variant_and_source_pending","Exact brand/variety, grade and pack weight/volume/count","","0","","2026-10-08"
"377","Furniture Shop","Study Table","goods","variant_and_source_pending","Exact brand/variety, grade and pack weight/volume/count","","0","","2026-10-08"
"378","Furniture Shop","Bookshelf","goods","variant_and_source_pending","Exact brand/variety, grade and pack weight/volume/count","","0","","2026-10-08"
"379","Furniture Shop","TV Unit","goods","variant_and_source_pending","Exact brand/variety, grade and pack weight/volume/count","","0","","2026-10-08"
"380","Furniture Shop","Center Table","goods","variant_and_source_pending","Exact brand/variety, grade and pack weight/volume/count","","0","","2026-10-08"
"381","Home Decor Shop","Curtain","goods","variant_and_source_pending","Exact brand/variety, grade and pack weight/volume/count","","0","","2026-10-08"
"382","Home Decor Shop","Carpet","goods","variant_and_source_pending","Exact brand/variety, grade and pack weight/volume/count","","0","","2026-10-08"
"383","Home Decor Shop","Rug","goods","variant_and_source_pending","Exact brand/variety, grade and pack weight/volume/count","","0","","2026-10-08"
"384","Home Decor Shop","Bedsheet","goods","variant_and_source_pending","Exact brand/variety, grade and pack weight/volume/count","","0","","2026-10-08"
"385","Home Decor Shop","Cushion","goods","variant_and_source_pending","Exact brand/variety, grade and pack weight/volume/count","","0","","2026-10-08"
"386","Home Decor Shop","Wall Clock","goods","variant_and_source_pending","Exact brand/variety, grade and pack weight/volume/count","","0","","2026-10-08"
"387","Home Decor Shop","Mirror","goods","variant_and_source_pending","Exact brand/variety, grade and pack weight/volume/count","","0","","2026-10-08"
"388","Home Decor Shop","Table Lamp","goods","variant_and_source_pending","Exact brand/variety, grade and pack weight/volume/count","","0","","2026-10-08"
"389","Home Decor Shop","Decorative Vase","goods","variant_and_source_pending","Exact brand/variety, grade and pack weight/volume/count","","0","","2026-10-08"
"390","Home Decor Shop","Wall Art","goods","variant_and_source_pending","Exact brand/variety, grade and pack weight/volume/count","","0","","2026-10-08"
"391","Kitchenware / Utensils Shop","Pressure Cooker","goods","retail_reference_only","Shop must confirm exact variant, local selling price and availability","Prestige Popular Plus Svachh Aluminium Cooker, Induction Base (reference example)","1","https://www.bigbasket.com/pd/40287227/prestige-pressure-cooker-popular-svachh-pop-outer-lid-aluminium-spillage-control-3-l/","2026-10-08"
"392","Kitchenware / Utensils Shop","Kadhai","goods","variant_and_source_pending","Exact brand/variety, grade and pack weight/volume/count","","0","","2026-10-08"
"393","Kitchenware / Utensils Shop","Tawa","goods","variant_and_source_pending","Exact brand/variety, grade and pack weight/volume/count","","0","","2026-10-08"
"394","Kitchenware / Utensils Shop","Frying Pan","goods","variant_and_source_pending","Exact brand/variety, grade and pack weight/volume/count","","0","","2026-10-08"
"395","Kitchenware / Utensils Shop","Thali","goods","variant_and_source_pending","Exact brand/variety, grade and pack weight/volume/count","","0","","2026-10-08"
"396","Kitchenware / Utensils Shop","Plate","goods","variant_and_source_pending","Exact brand/variety, grade and pack weight/volume/count","","0","","2026-10-08"
"397","Kitchenware / Utensils Shop","Glass","goods","variant_and_source_pending","Exact brand/variety, grade and pack weight/volume/count","","0","","2026-10-08"
"398","Kitchenware / Utensils Shop","Cup","goods","variant_and_source_pending","Exact brand/variety, grade and pack weight/volume/count","","0","","2026-10-08"
"399","Kitchenware / Utensils Shop","Bowl","goods","variant_and_source_pending","Exact brand/variety, grade and pack weight/volume/count","","0","","2026-10-08"
"400","Kitchenware / Utensils Shop","Spoon","goods","variant_and_source_pending","Exact brand/variety, grade and pack weight/volume/count","","0","","2026-10-08"
"401","Book & Stationery Shop","Notebook","goods","retail_reference_only","Shop must confirm exact variant, local selling price and availability","Classmate A4 Single Line Notebook, 140 Pages, 21 x 29.7 cm (reference example)","2","https://www.bigbasket.com/pd/40005735/classmate-notebook-a4-single-line-ruled-140-pages/","2026-10-08"
"402","Book & Stationery Shop","Long Register","goods","variant_and_source_pending","Exact brand/variety, grade and pack weight/volume/count","","0","","2026-10-08"
"403","Book & Stationery Shop","Pen","goods","variant_and_source_pending","Exact brand/variety, grade and pack weight/volume/count","","0","","2026-10-08"
"404","Book & Stationery Shop","Pencil","goods","variant_and_source_pending","Exact brand/variety, grade and pack weight/volume/count","","0","","2026-10-08"
"405","Book & Stationery Shop","Eraser","goods","variant_and_source_pending","Exact brand/variety, grade and pack weight/volume/count","","0","","2026-10-08"
"406","Book & Stationery Shop","Sharpener","goods","variant_and_source_pending","Exact brand/variety, grade and pack weight/volume/count","","0","","2026-10-08"
"407","Book & Stationery Shop","Ruler","goods","variant_and_source_pending","Exact brand/variety, grade and pack weight/volume/count","","0","","2026-10-08"
"408","Book & Stationery Shop","Geometry Box","goods","variant_and_source_pending","Exact brand/variety, grade and pack weight/volume/count","","0","","2026-10-08"
"409","Book & Stationery Shop","File Folder","goods","variant_and_source_pending","Exact brand/variety, grade and pack weight/volume/count","","0","","2026-10-08"
"410","Book & Stationery Shop","Glue","goods","variant_and_source_pending","Exact brand/variety, grade and pack weight/volume/count","","0","","2026-10-08"
"411","Book & Stationery Shop","School Bag","goods","variant_and_source_pending","Exact brand/variety, grade and pack weight/volume/count","","0","","2026-10-08"
"412","Book & Stationery Shop","Lunch Box","goods","variant_and_source_pending","Exact brand/variety, grade and pack weight/volume/count","","0","","2026-10-08"
"413","Book & Stationery Shop","Water Bottle","goods","variant_and_source_pending","Exact brand/variety, grade and pack weight/volume/count","","0","","2026-10-08"
"414","Book & Stationery Shop","Crayons","goods","variant_and_source_pending","Exact brand/variety, grade and pack weight/volume/count","","0","","2026-10-08"
"415","Book & Stationery Shop","Colour Pencils","goods","variant_and_source_pending","Exact brand/variety, grade and pack weight/volume/count","","0","","2026-10-08"
"416","Book & Stationery Shop","Sketch Pens","goods","variant_and_source_pending","Exact brand/variety, grade and pack weight/volume/count","","0","","2026-10-08"
"417","Book & Stationery Shop","Chart Paper","goods","variant_and_source_pending","Exact brand/variety, grade and pack weight/volume/count","","0","","2026-10-08"
"418","Book & Stationery Shop","Drawing Book","goods","variant_and_source_pending","Exact brand/variety, grade and pack weight/volume/count","","0","","2026-10-08"
"419","Book & Stationery Shop","Exam Pad","goods","variant_and_source_pending","Exact brand/variety, grade and pack weight/volume/count","","0","","2026-10-08"
"420","Book & Stationery Shop","School Diary","goods","variant_and_source_pending","Exact brand/variety, grade and pack weight/volume/count","","0","","2026-10-08"
"421","Gift & Toy Shop","Toy Car","goods","variant_and_source_pending","Exact brand/variety, grade and pack weight/volume/count","","0","","2026-10-08"
"422","Gift & Toy Shop","Doll","goods","variant_and_source_pending","Exact brand/variety, grade and pack weight/volume/count","","0","","2026-10-08"
"423","Gift & Toy Shop","Soft Toy","goods","variant_and_source_pending","Exact brand/variety, grade and pack weight/volume/count","","0","","2026-10-08"
"424","Gift & Toy Shop","Building Blocks","goods","variant_and_source_pending","Exact brand/variety, grade and pack weight/volume/count","","0","","2026-10-08"
"425","Gift & Toy Shop","Puzzle","goods","variant_and_source_pending","Exact brand/variety, grade and pack weight/volume/count","","0","","2026-10-08"
"426","Gift & Toy Shop","Board Game","goods","variant_and_source_pending","Exact brand/variety, grade and pack weight/volume/count","","0","","2026-10-08"
"427","Gift & Toy Shop","Remote Control Toy","goods","variant_and_source_pending","Exact brand/variety, grade and pack weight/volume/count","","0","","2026-10-08"
"428","Gift & Toy Shop","Educational Toy","goods","variant_and_source_pending","Exact brand/variety, grade and pack weight/volume/count","","0","","2026-10-08"
"429","Gift & Toy Shop","Toy Gun","goods","variant_and_source_pending","Exact brand/variety, grade and pack weight/volume/count","","0","","2026-10-08"
"430","Gift & Toy Shop","Toy Kitchen Set","goods","variant_and_source_pending","Exact brand/variety, grade and pack weight/volume/count","","0","","2026-10-08"
"431","Sports Shop","Cricket Bat","goods","variant_and_source_pending","Exact brand/variety, grade and pack weight/volume/count","","0","","2026-10-08"
"432","Sports Shop","Cricket Ball","goods","variant_and_source_pending","Exact brand/variety, grade and pack weight/volume/count","","0","","2026-10-08"
"433","Sports Shop","Wicket Set","goods","variant_and_source_pending","Exact brand/variety, grade and pack weight/volume/count","","0","","2026-10-08"
"434","Sports Shop","Football","goods","variant_and_source_pending","Exact brand/variety, grade and pack weight/volume/count","","0","","2026-10-08"
"435","Sports Shop","Badminton Racket","goods","variant_and_source_pending","Exact brand/variety, grade and pack weight/volume/count","","0","","2026-10-08"
"436","Sports Shop","Shuttlecock","goods","variant_and_source_pending","Exact brand/variety, grade and pack weight/volume/count","","0","","2026-10-08"
"437","Sports Shop","Basketball","goods","variant_and_source_pending","Exact brand/variety, grade and pack weight/volume/count","","0","","2026-10-08"
"438","Sports Shop","Volleyball","goods","variant_and_source_pending","Exact brand/variety, grade and pack weight/volume/count","","0","","2026-10-08"
"439","Sports Shop","Skipping Rope","goods","variant_and_source_pending","Exact brand/variety, grade and pack weight/volume/count","","0","","2026-10-08"
"440","Sports Shop","Yoga Mat","goods","variant_and_source_pending","Exact brand/variety, grade and pack weight/volume/count","","0","","2026-10-08"
"441","Music Shop","Acoustic Guitar","goods","variant_and_source_pending","Exact brand/variety, grade and pack weight/volume/count","","0","","2026-10-08"
"442","Music Shop","Electric Guitar","goods","variant_and_source_pending","Exact brand/variety, grade and pack weight/volume/count","","0","","2026-10-08"
"443","Music Shop","Keyboard","goods","variant_and_source_pending","Exact brand/variety, grade and pack weight/volume/count","","0","","2026-10-08"
"444","Music Shop","Harmonium","goods","variant_and_source_pending","Exact brand/variety, grade and pack weight/volume/count","","0","","2026-10-08"
"445","Music Shop","Tabla","goods","variant_and_source_pending","Exact brand/variety, grade and pack weight/volume/count","","0","","2026-10-08"
"446","Music Shop","Dholak","goods","variant_and_source_pending","Exact brand/variety, grade and pack weight/volume/count","","0","","2026-10-08"
"447","Music Shop","Flute","goods","variant_and_source_pending","Exact brand/variety, grade and pack weight/volume/count","","0","","2026-10-08"
"448","Music Shop","Microphone","goods","variant_and_source_pending","Exact brand/variety, grade and pack weight/volume/count","","0","","2026-10-08"
"449","Music Shop","Guitar Strings","goods","variant_and_source_pending","Exact brand/variety, grade and pack weight/volume/count","","0","","2026-10-08"
"450","Music Shop","Keyboard Stand","goods","variant_and_source_pending","Exact brand/variety, grade and pack weight/volume/count","","0","","2026-10-08"
"451","Auto Spare Parts Shop","Engine Oil","goods","variant_and_source_pending","Make, model/year, part number, compatibility and quantity","","0","","2026-10-08"
"452","Auto Spare Parts Shop","Oil Filter","goods","variant_and_source_pending","Make, model/year, part number, compatibility and quantity","","0","","2026-10-08"
"453","Auto Spare Parts Shop","Air Filter","goods","variant_and_source_pending","Make, model/year, part number, compatibility and quantity","","0","","2026-10-08"
"454","Auto Spare Parts Shop","Brake Pad","goods","variant_and_source_pending","Make, model/year, part number, compatibility and quantity","","0","","2026-10-08"
"455","Auto Spare Parts Shop","Clutch Plate","goods","variant_and_source_pending","Make, model/year, part number, compatibility and quantity","","0","","2026-10-08"
"456","Auto Spare Parts Shop","Spark Plug","goods","variant_and_source_pending","Make, model/year, part number, compatibility and quantity","","0","","2026-10-08"
"457","Auto Spare Parts Shop","Headlight Bulb","goods","variant_and_source_pending","Make, model/year, part number, compatibility and quantity","","0","","2026-10-08"
"458","Auto Spare Parts Shop","Side Mirror","goods","variant_and_source_pending","Make, model/year, part number, compatibility and quantity","","0","","2026-10-08"
"459","Auto Spare Parts Shop","Clutch Cable","goods","variant_and_source_pending","Make, model/year, part number, compatibility and quantity","","0","","2026-10-08"
"460","Auto Spare Parts Shop","Brake Cable","goods","variant_and_source_pending","Make, model/year, part number, compatibility and quantity","","0","","2026-10-08"
"461","Tyre Shop","Bike Tyre","goods","variant_and_source_pending","Make, model/year, part number, compatibility and quantity","","0","","2026-10-08"
"462","Tyre Shop","Scooter Tyre","goods","variant_and_source_pending","Make, model/year, part number, compatibility and quantity","","0","","2026-10-08"
"463","Tyre Shop","Car Tyre","goods","variant_and_source_pending","Make, model/year, part number, compatibility and quantity","","0","","2026-10-08"
"464","Tyre Shop","Tractor Tyre","goods","variant_and_source_pending","Make, model/year, part number, compatibility and quantity","","0","","2026-10-08"
"465","Tyre Shop","Bike Tube","goods","variant_and_source_pending","Make, model/year, part number, compatibility and quantity","","0","","2026-10-08"
"466","Tyre Shop","Car Tube","goods","variant_and_source_pending","Make, model/year, part number, compatibility and quantity","","0","","2026-10-08"
"467","Tyre Shop","Alloy Wheel","goods","variant_and_source_pending","Make, model/year, part number, compatibility and quantity","","0","","2026-10-08"
"468","Tyre Shop","Wheel Cover","goods","variant_and_source_pending","Make, model/year, part number, compatibility and quantity","","0","","2026-10-08"
"469","Tyre Shop","Puncture Kit","goods","variant_and_source_pending","Make, model/year, part number, compatibility and quantity","","0","","2026-10-08"
"470","Tyre Shop","Valve","goods","variant_and_source_pending","Make, model/year, part number, compatibility and quantity","","0","","2026-10-08"
"471","Battery Shop","Bike Battery","goods","variant_and_source_pending","Make, model/year, part number, compatibility and quantity","","0","","2026-10-08"
"472","Battery Shop","Car Battery","goods","variant_and_source_pending","Make, model/year, part number, compatibility and quantity","","0","","2026-10-08"
"473","Battery Shop","Tractor Battery","goods","variant_and_source_pending","Make, model/year, part number, compatibility and quantity","","0","","2026-10-08"
"474","Battery Shop","Inverter Battery","goods","variant_and_source_pending","Make, model/year, part number, compatibility and quantity","","0","","2026-10-08"
"475","Battery Shop","UPS Battery","goods","variant_and_source_pending","Make, model/year, part number, compatibility and quantity","","0","","2026-10-08"
"476","Battery Shop","Battery Charger","goods","variant_and_source_pending","Make, model/year, part number, compatibility and quantity","","0","","2026-10-08"
"477","Battery Shop","Battery Terminal","goods","variant_and_source_pending","Make, model/year, part number, compatibility and quantity","","0","","2026-10-08"
"478","Battery Shop","Distilled Water","goods","variant_and_source_pending","Make, model/year, part number, compatibility and quantity","","0","","2026-10-08"
"479","Battery Shop","Battery Box","goods","variant_and_source_pending","Make, model/year, part number, compatibility and quantity","","0","","2026-10-08"
"480","Battery Shop","Jumper Cable","goods","variant_and_source_pending","Make, model/year, part number, compatibility and quantity","","0","","2026-10-08"
"481","Cyber Cafe / CSC","Online Form Filling","service","service_quote_required","Work scope, area, date/time and provider quote","","0","","2026-10-08"
"482","Cyber Cafe / CSC","Government Application","service","service_quote_required","Work scope, area, date/time and provider quote","","0","","2026-10-08"
"483","Cyber Cafe / CSC","PAN Service","service","service_quote_required","Work scope, area, date/time and provider quote","","0","","2026-10-08"
"484","Cyber Cafe / CSC","Aadhaar Service","service","service_quote_required","Work scope, area, date/time and provider quote","","0","","2026-10-08"
"485","Cyber Cafe / CSC","Printing","service","service_quote_required","Work scope, area, date/time and provider quote","","0","","2026-10-08"
"486","Cyber Cafe / CSC","Photocopy","service","service_quote_required","Work scope, area, date/time and provider quote","","0","","2026-10-08"
"487","Cyber Cafe / CSC","Scanning","service","service_quote_required","Work scope, area, date/time and provider quote","","0","","2026-10-08"
"488","Cyber Cafe / CSC","Typing","service","service_quote_required","Work scope, area, date/time and provider quote","","0","","2026-10-08"
"489","Cyber Cafe / CSC","Lamination","service","service_quote_required","Work scope, area, date/time and provider quote","","0","","2026-10-08"
"490","Cyber Cafe / CSC","Internet Service","service","service_quote_required","Work scope, area, date/time and provider quote","","0","","2026-10-08"
"491","Photo Studio","Passport Photo","service","service_quote_required","Work scope, area, date/time and provider quote","","0","","2026-10-08"
"492","Photo Studio","Photo Print","service","service_quote_required","Work scope, area, date/time and provider quote","","0","","2026-10-08"
"493","Photo Studio","Photo Frame","service","service_quote_required","Work scope, area, date/time and provider quote","","0","","2026-10-08"
"494","Photo Studio","Wedding Photography","service","service_quote_required","Work scope, area, date/time and provider quote","","0","","2026-10-08"
"495","Photo Studio","Wedding Videography","service","service_quote_required","Work scope, area, date/time and provider quote","","0","","2026-10-08"
"496","Photo Studio","Album","service","service_quote_required","Work scope, area, date/time and provider quote","","0","","2026-10-08"
"497","Photo Studio","Video Editing","service","service_quote_required","Work scope, area, date/time and provider quote","","0","","2026-10-08"
"498","Photo Studio","Photo Editing","service","service_quote_required","Work scope, area, date/time and provider quote","","0","","2026-10-08"
"499","Photo Studio","ID Card","service","service_quote_required","Work scope, area, date/time and provider quote","","0","","2026-10-08"
"500","Photo Studio","Canvas Print","service","service_quote_required","Work scope, area, date/time and provider quote","","0","","2026-10-08"
"501","Printing Press","Visiting Card","service","service_quote_required","Work scope, area, date/time and provider quote","","0","","2026-10-08"
"502","Printing Press","Letterhead","service","service_quote_required","Work scope, area, date/time and provider quote","","0","","2026-10-08"
"503","Printing Press","Brochure","service","service_quote_required","Work scope, area, date/time and provider quote","","0","","2026-10-08"
"504","Printing Press","Poster","service","service_quote_required","Work scope, area, date/time and provider quote","","0","","2026-10-08"
"505","Printing Press","Banner","service","service_quote_required","Work scope, area, date/time and provider quote","","0","","2026-10-08"
"506","Printing Press","Wedding Card","service","service_quote_required","Work scope, area, date/time and provider quote","","0","","2026-10-08"
"507","Printing Press","Receipt Book","service","service_quote_required","Work scope, area, date/time and provider quote","","0","","2026-10-08"
"508","Printing Press","Sticker","service","service_quote_required","Work scope, area, date/time and provider quote","","0","","2026-10-08"
"509","Printing Press","Label","service","service_quote_required","Work scope, area, date/time and provider quote","","0","","2026-10-08"
"510","Printing Press","Book Printing","service","service_quote_required","Work scope, area, date/time and provider quote","","0","","2026-10-08"
"511","Laundry / Dry Cleaner","Washing","service","service_quote_required","Work scope, area, date/time and provider quote","","0","","2026-10-08"
"512","Laundry / Dry Cleaner","Ironing","service","service_quote_required","Work scope, area, date/time and provider quote","","0","","2026-10-08"
"513","Laundry / Dry Cleaner","Dry Cleaning","service","service_quote_required","Work scope, area, date/time and provider quote","","0","","2026-10-08"
"514","Laundry / Dry Cleaner","Steam Press","service","service_quote_required","Work scope, area, date/time and provider quote","","0","","2026-10-08"
"515","Laundry / Dry Cleaner","Stain Removal","service","service_quote_required","Work scope, area, date/time and provider quote","","0","","2026-10-08"
"516","Laundry / Dry Cleaner","Blanket Cleaning","service","service_quote_required","Work scope, area, date/time and provider quote","","0","","2026-10-08"
"517","Laundry / Dry Cleaner","Curtain Cleaning","service","service_quote_required","Work scope, area, date/time and provider quote","","0","","2026-10-08"
"518","Laundry / Dry Cleaner","Carpet Cleaning","service","service_quote_required","Work scope, area, date/time and provider quote","","0","","2026-10-08"
"519","Laundry / Dry Cleaner","Shoe Cleaning","service","service_quote_required","Work scope, area, date/time and provider quote","","0","","2026-10-08"
"520","Laundry / Dry Cleaner","Pickup & Delivery","service","service_quote_required","Work scope, area, date/time and provider quote","","0","","2026-10-08"
"521","Travel Agency","Flight Booking","service","service_quote_required","Work scope, area, date/time and provider quote","","0","","2026-10-08"
"522","Travel Agency","Train Booking","service","service_quote_required","Work scope, area, date/time and provider quote","","0","","2026-10-08"
"523","Travel Agency","Bus Booking","service","service_quote_required","Work scope, area, date/time and provider quote","","0","","2026-10-08"
"524","Travel Agency","Hotel Booking","service","service_quote_required","Work scope, area, date/time and provider quote","","0","","2026-10-08"
"525","Travel Agency","Tour Package","service","service_quote_required","Work scope, area, date/time and provider quote","","0","","2026-10-08"
"526","Travel Agency","Taxi Booking","service","service_quote_required","Work scope, area, date/time and provider quote","","0","","2026-10-08"
"527","Travel Agency","Travel Insurance","service","service_quote_required","Work scope, area, date/time and provider quote","","0","","2026-10-08"
"528","Travel Agency","Visa Assistance","service","service_quote_required","Work scope, area, date/time and provider quote","","0","","2026-10-08"
"529","Travel Agency","Holiday Package","service","service_quote_required","Work scope, area, date/time and provider quote","","0","","2026-10-08"
"530","Travel Agency","Car Rental","service","service_quote_required","Work scope, area, date/time and provider quote","","0","","2026-10-08"
"531","Courier / Parcel Shop","Document Courier","service","service_quote_required","Work scope, area, date/time and provider quote","","0","","2026-10-08"
"532","Courier / Parcel Shop","Parcel Booking","service","service_quote_required","Work scope, area, date/time and provider quote","","0","","2026-10-08"
"533","Courier / Parcel Shop","Express Delivery","service","service_quote_required","Work scope, area, date/time and provider quote","","0","","2026-10-08"
"534","Courier / Parcel Shop","International Courier","service","service_quote_required","Work scope, area, date/time and provider quote","","0","","2026-10-08"
"535","Courier / Parcel Shop","Packaging","service","service_quote_required","Work scope, area, date/time and provider quote","","0","","2026-10-08"
"536","Courier / Parcel Shop","Pickup Service","service","service_quote_required","Work scope, area, date/time and provider quote","","0","","2026-10-08"
"537","Courier / Parcel Shop","Tracking Service","service","service_quote_required","Work scope, area, date/time and provider quote","","0","","2026-10-08"
"538","Courier / Parcel Shop","Return Shipment","service","service_quote_required","Work scope, area, date/time and provider quote","","0","","2026-10-08"
"539","Courier / Parcel Shop","Bulk Courier","service","service_quote_required","Work scope, area, date/time and provider quote","","0","","2026-10-08"
"540","Courier / Parcel Shop","Same Day Delivery","service","service_quote_required","Work scope, area, date/time and provider quote","","0","","2026-10-08"
"541","Real Estate Office","Residential Plot","service","service_quote_required","Work scope, area, date/time and provider quote","","0","","2026-10-08"
"542","Real Estate Office","House Sale","service","service_quote_required","Work scope, area, date/time and provider quote","","0","","2026-10-08"
"543","Real Estate Office","Flat Sale","service","service_quote_required","Work scope, area, date/time and provider quote","","0","","2026-10-08"
"544","Real Estate Office","Commercial Shop","service","service_quote_required","Work scope, area, date/time and provider quote","","0","","2026-10-08"
"545","Real Estate Office","Office Space","service","service_quote_required","Work scope, area, date/time and provider quote","","0","","2026-10-08"
"546","Real Estate Office","Warehouse","service","service_quote_required","Work scope, area, date/time and provider quote","","0","","2026-10-08"
"547","Real Estate Office","Rental House","service","service_quote_required","Work scope, area, date/time and provider quote","","0","","2026-10-08"
"548","Real Estate Office","Property Management","service","service_quote_required","Work scope, area, date/time and provider quote","","0","","2026-10-08"
"549","Real Estate Office","Property Consultation","service","service_quote_required","Work scope, area, date/time and provider quote","","0","","2026-10-08"
"550","Real Estate Office","Land Brokerage","service","service_quote_required","Work scope, area, date/time and provider quote","","0","","2026-10-08"
"551","Insurance Office","Life Insurance","service","service_quote_required","Work scope, area, date/time and provider quote","","0","","2026-10-08"
"552","Insurance Office","Health Insurance","service","service_quote_required","Work scope, area, date/time and provider quote","","0","","2026-10-08"
"553","Insurance Office","Motor Insurance","service","service_quote_required","Work scope, area, date/time and provider quote","","0","","2026-10-08"
"554","Insurance Office","Home Insurance","service","service_quote_required","Work scope, area, date/time and provider quote","","0","","2026-10-08"
"555","Insurance Office","Travel Insurance","service","service_quote_required","Work scope, area, date/time and provider quote","","0","","2026-10-08"
"556","Insurance Office","Commercial Insurance","service","service_quote_required","Work scope, area, date/time and provider quote","","0","","2026-10-08"
"557","Insurance Office","Personal Accident Insurance","service","service_quote_required","Work scope, area, date/time and provider quote","","0","","2026-10-08"
"558","Insurance Office","Term Insurance","service","service_quote_required","Work scope, area, date/time and provider quote","","0","","2026-10-08"
"559","Insurance Office","Property Insurance","service","service_quote_required","Work scope, area, date/time and provider quote","","0","","2026-10-08"
"560","Insurance Office","Insurance Renewal","service","service_quote_required","Work scope, area, date/time and provider quote","","0","","2026-10-08"
"561","Event Management","Wedding Decoration","service","service_quote_required","Work scope, area, date/time and provider quote","","0","","2026-10-08"
"562","Event Management","Birthday Decoration","service","service_quote_required","Work scope, area, date/time and provider quote","","0","","2026-10-08"
"563","Event Management","Catering","service","service_quote_required","Work scope, area, date/time and provider quote","","0","","2026-10-08"
"564","Event Management","Tent","service","service_quote_required","Work scope, area, date/time and provider quote","","0","","2026-10-08"
"565","Event Management","Stage Decoration","service","service_quote_required","Work scope, area, date/time and provider quote","","0","","2026-10-08"
"566","Event Management","DJ Service","service","service_quote_required","Work scope, area, date/time and provider quote","","0","","2026-10-08"
"567","Event Management","Lighting","service","service_quote_required","Work scope, area, date/time and provider quote","","0","","2026-10-08"
"568","Event Management","Photography","service","service_quote_required","Work scope, area, date/time and provider quote","","0","","2026-10-08"
"569","Event Management","Flower Decoration","service","service_quote_required","Work scope, area, date/time and provider quote","","0","","2026-10-08"
"570","Event Management","Event Planning","service","service_quote_required","Work scope, area, date/time and provider quote","","0","","2026-10-08"
"571","Hotel / Lodge","Single Room","service","service_quote_required","Work scope, area, date/time and provider quote","","0","","2026-10-08"
"572","Hotel / Lodge","Double Room","service","service_quote_required","Work scope, area, date/time and provider quote","","0","","2026-10-08"
"573","Hotel / Lodge","Family Room","service","service_quote_required","Work scope, area, date/time and provider quote","","0","","2026-10-08"
"574","Hotel / Lodge","Suite","service","service_quote_required","Work scope, area, date/time and provider quote","","0","","2026-10-08"
"575","Hotel / Lodge","Breakfast","service","service_quote_required","Work scope, area, date/time and provider quote","","0","","2026-10-08"
"576","Hotel / Lodge","Lunch","service","service_quote_required","Work scope, area, date/time and provider quote","","0","","2026-10-08"
"577","Hotel / Lodge","Dinner","service","service_quote_required","Work scope, area, date/time and provider quote","","0","","2026-10-08"
"578","Hotel / Lodge","Banquet Hall","service","service_quote_required","Work scope, area, date/time and provider quote","","0","","2026-10-08"
"579","Hotel / Lodge","Conference Hall","service","service_quote_required","Work scope, area, date/time and provider quote","","0","","2026-10-08"
"580","Hotel / Lodge","Room Service","service","service_quote_required","Work scope, area, date/time and provider quote","","0","","2026-10-08"
"581","Agriculture Store","Wheat Seed","goods","variant_and_source_pending","Brand, variety/grade, pack weight and expiry","","0","","2026-10-08"
"582","Agriculture Store","Paddy Seed","goods","variant_and_source_pending","Brand, variety/grade, pack weight and expiry","","0","","2026-10-08"
"583","Agriculture Store","Maize Seed","goods","variant_and_source_pending","Brand, variety/grade, pack weight and expiry","","0","","2026-10-08"
"584","Agriculture Store","Mustard Seed","goods","variant_and_source_pending","Brand, variety/grade, pack weight and expiry","","0","","2026-10-08"
"585","Agriculture Store","Vegetable Seeds","goods","variant_and_source_pending","Brand, variety/grade, pack weight and expiry","","0","","2026-10-08"
"586","Agriculture Store","Fertilizer","goods","variant_and_source_pending","Brand, variety/grade, pack weight and expiry","","0","","2026-10-08"
"587","Agriculture Store","Organic Manure","goods","variant_and_source_pending","Brand, variety/grade, pack weight and expiry","","0","","2026-10-08"
"588","Agriculture Store","Pesticide","goods","variant_and_source_pending","Brand, variety/grade, pack weight and expiry","","0","","2026-10-08"
"589","Agriculture Store","Herbicide","goods","variant_and_source_pending","Brand, variety/grade, pack weight and expiry","","0","","2026-10-08"
"590","Agriculture Store","Sprayer","goods","variant_and_source_pending","Brand, variety/grade, pack weight and expiry","","0","","2026-10-08"
"591","Nursery / Garden Store","Rose Plant","goods","variant_and_source_pending","Exact brand/variety, grade and pack weight/volume/count","","0","","2026-10-08"
"592","Nursery / Garden Store","Mango Plant","goods","variant_and_source_pending","Exact brand/variety, grade and pack weight/volume/count","","0","","2026-10-08"
"593","Nursery / Garden Store","Guava Plant","goods","variant_and_source_pending","Exact brand/variety, grade and pack weight/volume/count","","0","","2026-10-08"
"594","Nursery / Garden Store","Tulsi Plant","goods","variant_and_source_pending","Exact brand/variety, grade and pack weight/volume/count","","0","","2026-10-08"
"595","Nursery / Garden Store","Money Plant","goods","variant_and_source_pending","Exact brand/variety, grade and pack weight/volume/count","","0","","2026-10-08"
"596","Nursery / Garden Store","Flower Seeds","goods","variant_and_source_pending","Exact brand/variety, grade and pack weight/volume/count","","0","","2026-10-08"
"597","Nursery / Garden Store","Potting Soil","goods","variant_and_source_pending","Exact brand/variety, grade and pack weight/volume/count","","0","","2026-10-08"
"598","Nursery / Garden Store","Fertilizer","goods","variant_and_source_pending","Exact brand/variety, grade and pack weight/volume/count","","0","","2026-10-08"
"599","Nursery / Garden Store","Flower Pot","goods","variant_and_source_pending","Exact brand/variety, grade and pack weight/volume/count","","0","","2026-10-08"
"600","Nursery / Garden Store","Gardening Tool Set","goods","variant_and_source_pending","Exact brand/variety, grade and pack weight/volume/count","","0","","2026-10-08"
"601","Pet Shop","Dog Food","goods","variant_and_source_pending","Exact brand/variety, grade and pack weight/volume/count","","0","","2026-10-08"
"602","Pet Shop","Cat Food","goods","variant_and_source_pending","Exact brand/variety, grade and pack weight/volume/count","","0","","2026-10-08"
"603","Pet Shop","Pet Treats","goods","variant_and_source_pending","Exact brand/variety, grade and pack weight/volume/count","","0","","2026-10-08"
"604","Pet Shop","Pet Bowl","goods","variant_and_source_pending","Exact brand/variety, grade and pack weight/volume/count","","0","","2026-10-08"
"605","Pet Shop","Pet Collar","goods","variant_and_source_pending","Exact brand/variety, grade and pack weight/volume/count","","0","","2026-10-08"
"606","Pet Shop","Pet Leash","goods","variant_and_source_pending","Exact brand/variety, grade and pack weight/volume/count","","0","","2026-10-08"
"607","Pet Shop","Pet Toy","goods","variant_and_source_pending","Exact brand/variety, grade and pack weight/volume/count","","0","","2026-10-08"
"608","Pet Shop","Pet Shampoo","goods","variant_and_source_pending","Exact brand/variety, grade and pack weight/volume/count","","0","","2026-10-08"
"609","Pet Shop","Pet Bed","goods","variant_and_source_pending","Exact brand/variety, grade and pack weight/volume/count","","0","","2026-10-08"
"610","Pet Shop","Pet Carrier","goods","variant_and_source_pending","Exact brand/variety, grade and pack weight/volume/count","","0","","2026-10-08"
"611","Aquarium Shop","Goldfish","goods","variant_and_source_pending","Exact brand/variety, grade and pack weight/volume/count","","0","","2026-10-08"
"612","Aquarium Shop","Guppy Fish","goods","variant_and_source_pending","Exact brand/variety, grade and pack weight/volume/count","","0","","2026-10-08"
"613","Aquarium Shop","Molly Fish","goods","variant_and_source_pending","Exact brand/variety, grade and pack weight/volume/count","","0","","2026-10-08"
"614","Aquarium Shop","Aquarium Tank","goods","variant_and_source_pending","Exact brand/variety, grade and pack weight/volume/count","","0","","2026-10-08"
"615","Aquarium Shop","Fish Food","goods","variant_and_source_pending","Exact brand/variety, grade and pack weight/volume/count","","0","","2026-10-08"
"616","Aquarium Shop","Aquarium Filter","goods","variant_and_source_pending","Exact brand/variety, grade and pack weight/volume/count","","0","","2026-10-08"
"617","Aquarium Shop","Air Pump","goods","variant_and_source_pending","Exact brand/variety, grade and pack weight/volume/count","","0","","2026-10-08"
"618","Aquarium Shop","Aquarium Light","goods","variant_and_source_pending","Exact brand/variety, grade and pack weight/volume/count","","0","","2026-10-08"
"619","Aquarium Shop","Aquarium Plant","goods","variant_and_source_pending","Exact brand/variety, grade and pack weight/volume/count","","0","","2026-10-08"
"620","Aquarium Shop","Aquarium Gravel","goods","variant_and_source_pending","Exact brand/variety, grade and pack weight/volume/count","","0","","2026-10-08"
"621","Pooja Samagri Shop","Agarbatti","goods","variant_and_source_pending","Exact brand/variety, grade and pack weight/volume/count","","0","","2026-10-08"
"622","Pooja Samagri Shop","Dhoop","goods","variant_and_source_pending","Exact brand/variety, grade and pack weight/volume/count","","0","","2026-10-08"
"623","Pooja Samagri Shop","Camphor","goods","variant_and_source_pending","Exact brand/variety, grade and pack weight/volume/count","","0","","2026-10-08"
"624","Pooja Samagri Shop","Diya","goods","variant_and_source_pending","Exact brand/variety, grade and pack weight/volume/count","","0","","2026-10-08"
"625","Pooja Samagri Shop","Cotton Wick","goods","variant_and_source_pending","Exact brand/variety, grade and pack weight/volume/count","","0","","2026-10-08"
"626","Pooja Samagri Shop","Roli","goods","variant_and_source_pending","Exact brand/variety, grade and pack weight/volume/count","","0","","2026-10-08"
"627","Pooja Samagri Shop","Chandan","goods","variant_and_source_pending","Exact brand/variety, grade and pack weight/volume/count","","0","","2026-10-08"
"628","Pooja Samagri Shop","Kalawa","goods","variant_and_source_pending","Exact brand/variety, grade and pack weight/volume/count","","0","","2026-10-08"
"629","Pooja Samagri Shop","Pooja Thali","goods","variant_and_source_pending","Exact brand/variety, grade and pack weight/volume/count","","0","","2026-10-08"
"630","Pooja Samagri Shop","Mala","goods","variant_and_source_pending","Exact brand/variety, grade and pack weight/volume/count","","0","","2026-10-08"
"631","Cleaning Products Store","Detergent Powder","goods","variant_and_source_pending","Exact brand/variety, grade and pack weight/volume/count","","0","","2026-10-08"
"632","Cleaning Products Store","Dishwash Liquid","goods","retail_reference_only","Shop must confirm exact variant, local selling price and availability","Vim Lemon Dishwash Liquid (reference example)","3","https://www.bigbasket.com/pd/266967/vim-dishwash-liquid-gel-lemon-250-ml-bottle/","2026-10-08"
"633","Cleaning Products Store","Floor Cleaner","goods","variant_and_source_pending","Exact brand/variety, grade and pack weight/volume/count","","0","","2026-10-08"
"634","Cleaning Products Store","Toilet Cleaner","goods","variant_and_source_pending","Exact brand/variety, grade and pack weight/volume/count","","0","","2026-10-08"
"635","Cleaning Products Store","Phenyl","goods","variant_and_source_pending","Exact brand/variety, grade and pack weight/volume/count","","0","","2026-10-08"
"636","Cleaning Products Store","Glass Cleaner","goods","variant_and_source_pending","Exact brand/variety, grade and pack weight/volume/count","","0","","2026-10-08"
"637","Cleaning Products Store","Bleach","goods","variant_and_source_pending","Exact brand/variety, grade and pack weight/volume/count","","0","","2026-10-08"
"638","Cleaning Products Store","Broom","goods","variant_and_source_pending","Exact brand/variety, grade and pack weight/volume/count","","0","","2026-10-08"
"639","Cleaning Products Store","Mop","goods","variant_and_source_pending","Exact brand/variety, grade and pack weight/volume/count","","0","","2026-10-08"
"640","Cleaning Products Store","Dustbin","goods","variant_and_source_pending","Exact brand/variety, grade and pack weight/volume/count","","0","","2026-10-08"
"641","Baby Store","Baby Diaper","goods","variant_and_source_pending","Brand, variant, size and actual pieces per pack","","0","","2026-10-08"
"642","Baby Store","Baby Wipes","goods","variant_and_source_pending","Brand, variant, size and actual pieces per pack","","0","","2026-10-08"
"643","Baby Store","Baby Lotion","goods","variant_and_source_pending","Brand, variant, size and actual pieces per pack","","0","","2026-10-08"
"644","Baby Store","Baby Shampoo","goods","variant_and_source_pending","Brand, variant, size and actual pieces per pack","","0","","2026-10-08"
"645","Baby Store","Baby Soap","goods","variant_and_source_pending","Brand, variant, size and actual pieces per pack","","0","","2026-10-08"
"646","Baby Store","Feeding Bottle","goods","variant_and_source_pending","Brand, variant, size and actual pieces per pack","","0","","2026-10-08"
"647","Baby Store","Baby Powder","goods","variant_and_source_pending","Brand, variant, size and actual pieces per pack","","0","","2026-10-08"
"648","Baby Store","Baby Clothes","goods","variant_and_source_pending","Brand, variant, size and actual pieces per pack","","0","","2026-10-08"
"649","Baby Store","Baby Blanket","goods","variant_and_source_pending","Brand, variant, size and actual pieces per pack","","0","","2026-10-08"
"650","Baby Store","Baby Toy","goods","variant_and_source_pending","Brand, variant, size and actual pieces per pack","","0","","2026-10-08"
"651","Solar Store","Solar Panel","goods","variant_and_source_pending","Exact brand/variety, grade and pack weight/volume/count","","0","","2026-10-08"
"652","Solar Store","Solar Inverter","goods","variant_and_source_pending","Exact brand/variety, grade and pack weight/volume/count","","0","","2026-10-08"
"653","Solar Store","Solar Battery","goods","variant_and_source_pending","Exact brand/variety, grade and pack weight/volume/count","","0","","2026-10-08"
"654","Solar Store","Solar Street Light","goods","variant_and_source_pending","Exact brand/variety, grade and pack weight/volume/count","","0","","2026-10-08"
"655","Solar Store","Solar Home Light","goods","variant_and_source_pending","Exact brand/variety, grade and pack weight/volume/count","","0","","2026-10-08"
"656","Solar Store","Solar Lantern","goods","variant_and_source_pending","Exact brand/variety, grade and pack weight/volume/count","","0","","2026-10-08"
"657","Solar Store","Solar Water Heater","goods","variant_and_source_pending","Exact brand/variety, grade and pack weight/volume/count","","0","","2026-10-08"
"658","Solar Store","Solar Charge Controller","goods","variant_and_source_pending","Exact brand/variety, grade and pack weight/volume/count","","0","","2026-10-08"
"659","Solar Store","Solar Cable","goods","variant_and_source_pending","Exact brand/variety, grade and pack weight/volume/count","","0","","2026-10-08"
"660","Solar Store","Solar Mounting Kit","goods","variant_and_source_pending","Exact brand/variety, grade and pack weight/volume/count","","0","","2026-10-08"
"661","CCTV & Security Shop","CCTV Camera","goods","variant_and_source_pending","Exact brand/variety, grade and pack weight/volume/count","","0","","2026-10-08"
"662","CCTV & Security Shop","DVR","goods","variant_and_source_pending","Exact brand/variety, grade and pack weight/volume/count","","0","","2026-10-08"
"663","CCTV & Security Shop","NVR","goods","variant_and_source_pending","Exact brand/variety, grade and pack weight/volume/count","","0","","2026-10-08"
"664","CCTV & Security Shop","Hard Disk","goods","variant_and_source_pending","Exact brand/variety, grade and pack weight/volume/count","","0","","2026-10-08"
"665","CCTV & Security Shop","Power Supply","goods","variant_and_source_pending","Exact brand/variety, grade and pack weight/volume/count","","0","","2026-10-08"
"666","CCTV & Security Shop","BNC Connector","goods","variant_and_source_pending","Exact brand/variety, grade and pack weight/volume/count","","0","","2026-10-08"
"667","CCTV & Security Shop","CCTV Cable","goods","variant_and_source_pending","Exact brand/variety, grade and pack weight/volume/count","","0","","2026-10-08"
"668","CCTV & Security Shop","WiFi Camera","goods","variant_and_source_pending","Exact brand/variety, grade and pack weight/volume/count","","0","","2026-10-08"
"669","CCTV & Security Shop","Video Doorbell","goods","variant_and_source_pending","Exact brand/variety, grade and pack weight/volume/count","","0","","2026-10-08"
"670","CCTV & Security Shop","Access Control Device","goods","variant_and_source_pending","Exact brand/variety, grade and pack weight/volume/count","","0","","2026-10-08"
"671","RO & Water Purifier Shop","RO Water Purifier","goods","variant_and_source_pending","Exact brand/variety, grade and pack weight/volume/count","","0","","2026-10-08"
"672","RO & Water Purifier Shop","RO Membrane","goods","variant_and_source_pending","Exact brand/variety, grade and pack weight/volume/count","","0","","2026-10-08"
"673","RO & Water Purifier Shop","Sediment Filter","goods","variant_and_source_pending","Exact brand/variety, grade and pack weight/volume/count","","0","","2026-10-08"
"674","RO & Water Purifier Shop","Carbon Filter","goods","variant_and_source_pending","Exact brand/variety, grade and pack weight/volume/count","","0","","2026-10-08"
"675","RO & Water Purifier Shop","UV Lamp","goods","variant_and_source_pending","Exact brand/variety, grade and pack weight/volume/count","","0","","2026-10-08"
"676","RO & Water Purifier Shop","RO Pump","goods","variant_and_source_pending","Exact brand/variety, grade and pack weight/volume/count","","0","","2026-10-08"
"677","RO & Water Purifier Shop","Storage Tank","goods","variant_and_source_pending","Exact brand/variety, grade and pack weight/volume/count","","0","","2026-10-08"
"678","RO & Water Purifier Shop","Faucet","goods","variant_and_source_pending","Exact brand/variety, grade and pack weight/volume/count","","0","","2026-10-08"
"679","RO & Water Purifier Shop","Water TDS Meter","goods","variant_and_source_pending","Exact brand/variety, grade and pack weight/volume/count","","0","","2026-10-08"
"680","RO & Water Purifier Shop","Filter Housing","goods","variant_and_source_pending","Exact brand/variety, grade and pack weight/volume/count","","0","","2026-10-08"
"681","Mobile Repair Shop","Screen Replacement","service","service_quote_required","Work scope, area, date/time and provider quote","","0","","2026-10-08"
"682","Mobile Repair Shop","Battery Replacement","service","service_quote_required","Work scope, area, date/time and provider quote","","0","","2026-10-08"
"683","Mobile Repair Shop","Charging Jack Repair","service","service_quote_required","Work scope, area, date/time and provider quote","","0","","2026-10-08"
"684","Mobile Repair Shop","Speaker Repair","service","service_quote_required","Work scope, area, date/time and provider quote","","0","","2026-10-08"
"685","Mobile Repair Shop","Mic Repair","service","service_quote_required","Work scope, area, date/time and provider quote","","0","","2026-10-08"
"686","Mobile Repair Shop","Camera Repair","service","service_quote_required","Work scope, area, date/time and provider quote","","0","","2026-10-08"
"687","Mobile Repair Shop","Software Repair","service","service_quote_required","Work scope, area, date/time and provider quote","","0","","2026-10-08"
"688","Mobile Repair Shop","Back Glass Replacement","service","service_quote_required","Work scope, area, date/time and provider quote","","0","","2026-10-08"
"689","Mobile Repair Shop","Water Damage Service","service","service_quote_required","Work scope, area, date/time and provider quote","","0","","2026-10-08"
"690","Mobile Repair Shop","Data Recovery","service","service_quote_required","Work scope, area, date/time and provider quote","","0","","2026-10-08"
"691","Computer Repair Shop","Windows Installation","service","service_quote_required","Work scope, area, date/time and provider quote","","0","","2026-10-08"
"692","Computer Repair Shop","SSD Upgrade","service","service_quote_required","Work scope, area, date/time and provider quote","","0","","2026-10-08"
"693","Computer Repair Shop","RAM Upgrade","service","service_quote_required","Work scope, area, date/time and provider quote","","0","","2026-10-08"
"694","Computer Repair Shop","Keyboard Replacement","service","service_quote_required","Work scope, area, date/time and provider quote","","0","","2026-10-08"
"695","Computer Repair Shop","Screen Replacement","service","service_quote_required","Work scope, area, date/time and provider quote","","0","","2026-10-08"
"696","Computer Repair Shop","Virus Removal","service","service_quote_required","Work scope, area, date/time and provider quote","","0","","2026-10-08"
"697","Computer Repair Shop","Data Recovery","service","service_quote_required","Work scope, area, date/time and provider quote","","0","","2026-10-08"
"698","Computer Repair Shop","Printer Setup","service","service_quote_required","Work scope, area, date/time and provider quote","","0","","2026-10-08"
"699","Computer Repair Shop","Network Setup","service","service_quote_required","Work scope, area, date/time and provider quote","","0","","2026-10-08"
"700","Computer Repair Shop","Laptop Cleaning","service","service_quote_required","Work scope, area, date/time and provider quote","","0","","2026-10-08"
"701","Electrical Repair Shop","Fan Repair","service","service_quote_required","Work scope, area, date/time and provider quote","","0","","2026-10-08"
"702","Electrical Repair Shop","Switch Repair","service","service_quote_required","Work scope, area, date/time and provider quote","","0","","2026-10-08"
"703","Electrical Repair Shop","Wiring Repair","service","service_quote_required","Work scope, area, date/time and provider quote","","0","","2026-10-08"
"704","Electrical Repair Shop","Inverter Repair","service","service_quote_required","Work scope, area, date/time and provider quote","","0","","2026-10-08"
"705","Electrical Repair Shop","MCB Replacement","service","service_quote_required","Work scope, area, date/time and provider quote","","0","","2026-10-08"
"706","Electrical Repair Shop","Light Repair","service","service_quote_required","Work scope, area, date/time and provider quote","","0","","2026-10-08"
"707","Electrical Repair Shop","Motor Repair","service","service_quote_required","Work scope, area, date/time and provider quote","","0","","2026-10-08"
"708","Electrical Repair Shop","Pump Repair","service","service_quote_required","Work scope, area, date/time and provider quote","","0","","2026-10-08"
"709","Electrical Repair Shop","Socket Repair","service","service_quote_required","Work scope, area, date/time and provider quote","","0","","2026-10-08"
"710","Electrical Repair Shop","Electrical Inspection","service","service_quote_required","Work scope, area, date/time and provider quote","","0","","2026-10-08"
"711","AC & Refrigerator Service","AC Service","service","service_quote_required","Work scope, area, date/time and provider quote","","0","","2026-10-08"
"712","AC & Refrigerator Service","AC Gas Charging","service","service_quote_required","Work scope, area, date/time and provider quote","","0","","2026-10-08"
"713","AC & Refrigerator Service","AC Repair","service","service_quote_required","Work scope, area, date/time and provider quote","","0","","2026-10-08"
"714","AC & Refrigerator Service","Refrigerator Repair","service","service_quote_required","Work scope, area, date/time and provider quote","","0","","2026-10-08"
"715","AC & Refrigerator Service","Washing Machine Repair","service","service_quote_required","Work scope, area, date/time and provider quote","","0","","2026-10-08"
"716","AC & Refrigerator Service","Microwave Repair","service","service_quote_required","Work scope, area, date/time and provider quote","","0","","2026-10-08"
"717","AC & Refrigerator Service","Cooler Repair","service","service_quote_required","Work scope, area, date/time and provider quote","","0","","2026-10-08"
"718","AC & Refrigerator Service","Compressor Repair","service","service_quote_required","Work scope, area, date/time and provider quote","","0","","2026-10-08"
"719","AC & Refrigerator Service","Thermostat Replacement","service","service_quote_required","Work scope, area, date/time and provider quote","","0","","2026-10-08"
"720","AC & Refrigerator Service","Appliance Installation","service","service_quote_required","Work scope, area, date/time and provider quote","","0","","2026-10-08"
"721","Watch Shop","Analog Watch","goods","variant_and_source_pending","Exact brand/variety, grade and pack weight/volume/count","","0","","2026-10-08"
"722","Watch Shop","Digital Watch","goods","variant_and_source_pending","Exact brand/variety, grade and pack weight/volume/count","","0","","2026-10-08"
"723","Watch Shop","Smart Watch","goods","variant_and_source_pending","Exact brand/variety, grade and pack weight/volume/count","","0","","2026-10-08"
"724","Watch Shop","Wall Clock","goods","variant_and_source_pending","Exact brand/variety, grade and pack weight/volume/count","","0","","2026-10-08"
"725","Watch Shop","Alarm Clock","goods","variant_and_source_pending","Exact brand/variety, grade and pack weight/volume/count","","0","","2026-10-08"
"726","Watch Shop","Watch Battery","goods","variant_and_source_pending","Exact brand/variety, grade and pack weight/volume/count","","0","","2026-10-08"
"727","Watch Shop","Watch Strap","goods","variant_and_source_pending","Exact brand/variety, grade and pack weight/volume/count","","0","","2026-10-08"
"728","Watch Shop","Watch Glass","goods","variant_and_source_pending","Exact brand/variety, grade and pack weight/volume/count","","0","","2026-10-08"
"729","Watch Shop","Watch Box","goods","variant_and_source_pending","Exact brand/variety, grade and pack weight/volume/count","","0","","2026-10-08"
"730","Watch Shop","Clock Mechanism","goods","variant_and_source_pending","Exact brand/variety, grade and pack weight/volume/count","","0","","2026-10-08"
"731","Perfume Shop","Perfume","goods","variant_and_source_pending","Exact brand/variety, grade and pack weight/volume/count","","0","","2026-10-08"
"732","Perfume Shop","Eau De Toilette","goods","variant_and_source_pending","Exact brand/variety, grade and pack weight/volume/count","","0","","2026-10-08"
"733","Perfume Shop","Body Spray","goods","variant_and_source_pending","Exact brand/variety, grade and pack weight/volume/count","","0","","2026-10-08"
"734","Perfume Shop","Attar","goods","variant_and_source_pending","Exact brand/variety, grade and pack weight/volume/count","","0","","2026-10-08"
"735","Perfume Shop","Deodorant","goods","variant_and_source_pending","Exact brand/variety, grade and pack weight/volume/count","","0","","2026-10-08"
"736","Perfume Shop","Room Freshener","goods","variant_and_source_pending","Exact brand/variety, grade and pack weight/volume/count","","0","","2026-10-08"
"737","Perfume Shop","Car Perfume","goods","variant_and_source_pending","Exact brand/variety, grade and pack weight/volume/count","","0","","2026-10-08"
"738","Perfume Shop","Perfume Gift Set","goods","variant_and_source_pending","Exact brand/variety, grade and pack weight/volume/count","","0","","2026-10-08"
"739","Perfume Shop","Roll-On","goods","variant_and_source_pending","Exact brand/variety, grade and pack weight/volume/count","","0","","2026-10-08"
"740","Perfume Shop","Fragrance Oil","goods","variant_and_source_pending","Exact brand/variety, grade and pack weight/volume/count","","0","","2026-10-08"
"741","Luggage Shop","Suitcase","goods","variant_and_source_pending","Exact brand/variety, grade and pack weight/volume/count","","0","","2026-10-08"
"742","Luggage Shop","Trolley Bag","goods","variant_and_source_pending","Exact brand/variety, grade and pack weight/volume/count","","0","","2026-10-08"
"743","Luggage Shop","Travel Backpack","goods","variant_and_source_pending","Exact brand/variety, grade and pack weight/volume/count","","0","","2026-10-08"
"744","Luggage Shop","Laptop Bag","goods","variant_and_source_pending","Exact brand/variety, grade and pack weight/volume/count","","0","","2026-10-08"
"745","Luggage Shop","School Bag","goods","variant_and_source_pending","Exact brand/variety, grade and pack weight/volume/count","","0","","2026-10-08"
"746","Luggage Shop","Duffel Bag","goods","variant_and_source_pending","Exact brand/variety, grade and pack weight/volume/count","","0","","2026-10-08"
"747","Luggage Shop","Handbag","goods","variant_and_source_pending","Exact brand/variety, grade and pack weight/volume/count","","0","","2026-10-08"
"748","Luggage Shop","Wallet","goods","variant_and_source_pending","Exact brand/variety, grade and pack weight/volume/count","","0","","2026-10-08"
"749","Luggage Shop","Travel Pouch","goods","variant_and_source_pending","Exact brand/variety, grade and pack weight/volume/count","","0","","2026-10-08"
"750","Luggage Shop","Passport Holder","goods","variant_and_source_pending","Exact brand/variety, grade and pack weight/volume/count","","0","","2026-10-08"
"751","Safety Equipment Shop","Safety Helmet","goods","variant_and_source_pending","Exact brand/variety, grade and pack weight/volume/count","","0","","2026-10-08"
"752","Safety Equipment Shop","Safety Shoes","goods","variant_and_source_pending","Exact brand/variety, grade and pack weight/volume/count","","0","","2026-10-08"
"753","Safety Equipment Shop","Safety Gloves","goods","variant_and_source_pending","Exact brand/variety, grade and pack weight/volume/count","","0","","2026-10-08"
"754","Safety Equipment Shop","Reflective Jacket","goods","variant_and_source_pending","Exact brand/variety, grade and pack weight/volume/count","","0","","2026-10-08"
"755","Safety Equipment Shop","Safety Goggles","goods","variant_and_source_pending","Exact brand/variety, grade and pack weight/volume/count","","0","","2026-10-08"
"756","Safety Equipment Shop","Ear Protection","goods","variant_and_source_pending","Exact brand/variety, grade and pack weight/volume/count","","0","","2026-10-08"
"757","Safety Equipment Shop","Safety Mask","goods","variant_and_source_pending","Exact brand/variety, grade and pack weight/volume/count","","0","","2026-10-08"
"758","Safety Equipment Shop","Harness","goods","variant_and_source_pending","Exact brand/variety, grade and pack weight/volume/count","","0","","2026-10-08"
"759","Safety Equipment Shop","Safety Vest","goods","variant_and_source_pending","Exact brand/variety, grade and pack weight/volume/count","","0","","2026-10-08"
"760","Safety Equipment Shop","First Aid Kit","goods","variant_and_source_pending","Exact brand/variety, grade and pack weight/volume/count","","0","","2026-10-08"
"761","Packaging Material Shop","Carton Box","goods","variant_and_source_pending","Exact brand/variety, grade and pack weight/volume/count","","0","","2026-10-08"
"762","Packaging Material Shop","Paper Bag","goods","variant_and_source_pending","Exact brand/variety, grade and pack weight/volume/count","","0","","2026-10-08"
"763","Packaging Material Shop","Plastic Bag","goods","variant_and_source_pending","Exact brand/variety, grade and pack weight/volume/count","","0","","2026-10-08"
"764","Packaging Material Shop","Bubble Wrap","goods","variant_and_source_pending","Exact brand/variety, grade and pack weight/volume/count","","0","","2026-10-08"
"765","Packaging Material Shop","Packing Tape","goods","variant_and_source_pending","Exact brand/variety, grade and pack weight/volume/count","","0","","2026-10-08"
"766","Packaging Material Shop","Stretch Film","goods","variant_and_source_pending","Exact brand/variety, grade and pack weight/volume/count","","0","","2026-10-08"
"767","Packaging Material Shop","Thermal Bag","goods","variant_and_source_pending","Exact brand/variety, grade and pack weight/volume/count","","0","","2026-10-08"
"768","Packaging Material Shop","Zip Lock Bag","goods","variant_and_source_pending","Exact brand/variety, grade and pack weight/volume/count","","0","","2026-10-08"
"769","Packaging Material Shop","Label Sticker","goods","variant_and_source_pending","Exact brand/variety, grade and pack weight/volume/count","","0","","2026-10-08"
"770","Packaging Material Shop","Packaging Rope","goods","variant_and_source_pending","Exact brand/variety, grade and pack weight/volume/count","","0","","2026-10-08"
"771","Office Supply Store","A4 Paper","goods","variant_and_source_pending","Exact brand/variety, grade and pack weight/volume/count","","0","","2026-10-08"
"772","Office Supply Store","Printer Cartridge","goods","variant_and_source_pending","Exact brand/variety, grade and pack weight/volume/count","","0","","2026-10-08"
"773","Office Supply Store","Stapler","goods","variant_and_source_pending","Exact brand/variety, grade and pack weight/volume/count","","0","","2026-10-08"
"774","Office Supply Store","Staple Pins","goods","variant_and_source_pending","Exact brand/variety, grade and pack weight/volume/count","","0","","2026-10-08"
"775","Office Supply Store","File","goods","variant_and_source_pending","Exact brand/variety, grade and pack weight/volume/count","","0","","2026-10-08"
"776","Office Supply Store","Folder","goods","variant_and_source_pending","Exact brand/variety, grade and pack weight/volume/count","","0","","2026-10-08"
"777","Office Supply Store","Marker","goods","variant_and_source_pending","Exact brand/variety, grade and pack weight/volume/count","","0","","2026-10-08"
"778","Office Supply Store","Whiteboard","goods","variant_and_source_pending","Exact brand/variety, grade and pack weight/volume/count","","0","","2026-10-08"
"779","Office Supply Store","Calculator","goods","variant_and_source_pending","Exact brand/variety, grade and pack weight/volume/count","","0","","2026-10-08"
"780","Office Supply Store","Desk Organizer","goods","variant_and_source_pending","Exact brand/variety, grade and pack weight/volume/count","","0","","2026-10-08"
"781","Plastic Products Shop","Bucket","goods","variant_and_source_pending","Exact brand/variety, grade and pack weight/volume/count","","0","","2026-10-08"
"782","Plastic Products Shop","Mug","goods","variant_and_source_pending","Exact brand/variety, grade and pack weight/volume/count","","0","","2026-10-08"
"783","Plastic Products Shop","Storage Box","goods","variant_and_source_pending","Exact brand/variety, grade and pack weight/volume/count","","0","","2026-10-08"
"784","Plastic Products Shop","Water Bottle","goods","variant_and_source_pending","Exact brand/variety, grade and pack weight/volume/count","","0","","2026-10-08"
"785","Plastic Products Shop","Dustbin","goods","variant_and_source_pending","Exact brand/variety, grade and pack weight/volume/count","","0","","2026-10-08"
"786","Plastic Products Shop","Chair","goods","variant_and_source_pending","Exact brand/variety, grade and pack weight/volume/count","","0","","2026-10-08"
"787","Plastic Products Shop","Stool","goods","variant_and_source_pending","Exact brand/variety, grade and pack weight/volume/count","","0","","2026-10-08"
"788","Plastic Products Shop","Hanger","goods","variant_and_source_pending","Exact brand/variety, grade and pack weight/volume/count","","0","","2026-10-08"
"789","Plastic Products Shop","Laundry Basket","goods","variant_and_source_pending","Exact brand/variety, grade and pack weight/volume/count","","0","","2026-10-08"
"790","Plastic Products Shop","Plastic Container","goods","variant_and_source_pending","Exact brand/variety, grade and pack weight/volume/count","","0","","2026-10-08"
"791","Scrap / Kabadi Shop","Iron Scrap","goods","variant_and_source_pending","Exact brand/variety, grade and pack weight/volume/count","","0","","2026-10-08"
"792","Scrap / Kabadi Shop","Steel Scrap","goods","variant_and_source_pending","Exact brand/variety, grade and pack weight/volume/count","","0","","2026-10-08"
"793","Scrap / Kabadi Shop","Copper Scrap","goods","variant_and_source_pending","Exact brand/variety, grade and pack weight/volume/count","","0","","2026-10-08"
"794","Scrap / Kabadi Shop","Aluminium Scrap","goods","variant_and_source_pending","Exact brand/variety, grade and pack weight/volume/count","","0","","2026-10-08"
"795","Scrap / Kabadi Shop","Newspaper","goods","variant_and_source_pending","Exact brand/variety, grade and pack weight/volume/count","","0","","2026-10-08"
"796","Scrap / Kabadi Shop","Cardboard","goods","variant_and_source_pending","Exact brand/variety, grade and pack weight/volume/count","","0","","2026-10-08"
"797","Scrap / Kabadi Shop","Plastic Scrap","goods","variant_and_source_pending","Exact brand/variety, grade and pack weight/volume/count","","0","","2026-10-08"
"798","Scrap / Kabadi Shop","E-Waste","goods","variant_and_source_pending","Exact brand/variety, grade and pack weight/volume/count","","0","","2026-10-08"
"799","Scrap / Kabadi Shop","Old Battery","goods","variant_and_source_pending","Exact brand/variety, grade and pack weight/volume/count","","0","","2026-10-08"
"800","Scrap / Kabadi Shop","Old Appliance","goods","variant_and_source_pending","Exact brand/variety, grade and pack weight/volume/count","","0","","2026-10-08"
"801","Bicycle Shop","Road Bicycle","goods","variant_and_source_pending","Exact brand/variety, grade and pack weight/volume/count","","0","","2026-10-08"
"802","Bicycle Shop","Mountain Bicycle","goods","variant_and_source_pending","Exact brand/variety, grade and pack weight/volume/count","","0","","2026-10-08"
"803","Bicycle Shop","City Bicycle","goods","variant_and_source_pending","Exact brand/variety, grade and pack weight/volume/count","","0","","2026-10-08"
"804","Bicycle Shop","Kids Bicycle","goods","variant_and_source_pending","Exact brand/variety, grade and pack weight/volume/count","","0","","2026-10-08"
"805","Bicycle Shop","Electric Bicycle","goods","variant_and_source_pending","Exact brand/variety, grade and pack weight/volume/count","","0","","2026-10-08"
"806","Bicycle Shop","Bicycle Helmet","goods","variant_and_source_pending","Exact brand/variety, grade and pack weight/volume/count","","0","","2026-10-08"
"807","Bicycle Shop","Bicycle Lock","goods","variant_and_source_pending","Exact brand/variety, grade and pack weight/volume/count","","0","","2026-10-08"
"808","Bicycle Shop","Bicycle Pump","goods","variant_and_source_pending","Exact brand/variety, grade and pack weight/volume/count","","0","","2026-10-08"
"809","Bicycle Shop","Bicycle Bell","goods","variant_and_source_pending","Exact brand/variety, grade and pack weight/volume/count","","0","","2026-10-08"
"810","Bicycle Shop","Bicycle Light","goods","variant_and_source_pending","Exact brand/variety, grade and pack weight/volume/count","","0","","2026-10-08"
"811","Helmet & Riding Gear Shop","Full Face Helmet","goods","variant_and_source_pending","Exact brand/variety, grade and pack weight/volume/count","","0","","2026-10-08"
"812","Helmet & Riding Gear Shop","Open Face Helmet","goods","variant_and_source_pending","Exact brand/variety, grade and pack weight/volume/count","","0","","2026-10-08"
"813","Helmet & Riding Gear Shop","Bike Gloves","goods","variant_and_source_pending","Exact brand/variety, grade and pack weight/volume/count","","0","","2026-10-08"
"814","Helmet & Riding Gear Shop","Riding Jacket","goods","variant_and_source_pending","Exact brand/variety, grade and pack weight/volume/count","","0","","2026-10-08"
"815","Helmet & Riding Gear Shop","Knee Guard","goods","variant_and_source_pending","Exact brand/variety, grade and pack weight/volume/count","","0","","2026-10-08"
"816","Helmet & Riding Gear Shop","Elbow Guard","goods","variant_and_source_pending","Exact brand/variety, grade and pack weight/volume/count","","0","","2026-10-08"
"817","Helmet & Riding Gear Shop","Rain Suit","goods","variant_and_source_pending","Exact brand/variety, grade and pack weight/volume/count","","0","","2026-10-08"
"818","Helmet & Riding Gear Shop","Riding Goggles","goods","variant_and_source_pending","Exact brand/variety, grade and pack weight/volume/count","","0","","2026-10-08"
"819","Helmet & Riding Gear Shop","Bike Cover","goods","variant_and_source_pending","Exact brand/variety, grade and pack weight/volume/count","","0","","2026-10-08"
"820","Helmet & Riding Gear Shop","Reflective Vest","goods","variant_and_source_pending","Exact brand/variety, grade and pack weight/volume/count","","0","","2026-10-08"
"821","Glass & Aluminium Shop","Window Glass","goods","variant_and_source_pending","Exact brand/variety, grade and pack weight/volume/count","","0","","2026-10-08"
"822","Glass & Aluminium Shop","Door Glass","goods","variant_and_source_pending","Exact brand/variety, grade and pack weight/volume/count","","0","","2026-10-08"
"823","Glass & Aluminium Shop","Mirror","goods","variant_and_source_pending","Exact brand/variety, grade and pack weight/volume/count","","0","","2026-10-08"
"824","Glass & Aluminium Shop","Aluminium Window","goods","variant_and_source_pending","Exact brand/variety, grade and pack weight/volume/count","","0","","2026-10-08"
"825","Glass & Aluminium Shop","Aluminium Door","goods","variant_and_source_pending","Exact brand/variety, grade and pack weight/volume/count","","0","","2026-10-08"
"826","Glass & Aluminium Shop","Partition Frame","goods","variant_and_source_pending","Exact brand/variety, grade and pack weight/volume/count","","0","","2026-10-08"
"827","Glass & Aluminium Shop","Toughened Glass","goods","variant_and_source_pending","Exact brand/variety, grade and pack weight/volume/count","","0","","2026-10-08"
"828","Glass & Aluminium Shop","Glass Shelf","goods","variant_and_source_pending","Exact brand/variety, grade and pack weight/volume/count","","0","","2026-10-08"
"829","Glass & Aluminium Shop","Glass Table Top","goods","variant_and_source_pending","Exact brand/variety, grade and pack weight/volume/count","","0","","2026-10-08"
"830","Glass & Aluminium Shop","Mosquito Mesh","goods","variant_and_source_pending","Exact brand/variety, grade and pack weight/volume/count","","0","","2026-10-08"
"831","Timber / Wood Shop","Plywood","goods","variant_and_source_pending","Exact brand/variety, grade and pack weight/volume/count","","0","","2026-10-08"
"832","Timber / Wood Shop","MDF Board","goods","variant_and_source_pending","Exact brand/variety, grade and pack weight/volume/count","","0","","2026-10-08"
"833","Timber / Wood Shop","Particle Board","goods","variant_and_source_pending","Exact brand/variety, grade and pack weight/volume/count","","0","","2026-10-08"
"834","Timber / Wood Shop","Timber","goods","variant_and_source_pending","Exact brand/variety, grade and pack weight/volume/count","","0","","2026-10-08"
"835","Timber / Wood Shop","Block Board","goods","variant_and_source_pending","Exact brand/variety, grade and pack weight/volume/count","","0","","2026-10-08"
"836","Timber / Wood Shop","Laminated Board","goods","variant_and_source_pending","Exact brand/variety, grade and pack weight/volume/count","","0","","2026-10-08"
"837","Timber / Wood Shop","Veneer","goods","variant_and_source_pending","Exact brand/variety, grade and pack weight/volume/count","","0","","2026-10-08"
"838","Timber / Wood Shop","Wooden Plank","goods","variant_and_source_pending","Exact brand/variety, grade and pack weight/volume/count","","0","","2026-10-08"
"839","Timber / Wood Shop","Wooden Batten","goods","variant_and_source_pending","Exact brand/variety, grade and pack weight/volume/count","","0","","2026-10-08"
"840","Timber / Wood Shop","Wood Adhesive","goods","variant_and_source_pending","Exact brand/variety, grade and pack weight/volume/count","","0","","2026-10-08"
"841","Plumbing Store","PVC Pipe","goods","variant_and_source_pending","Brand, material/grade, dimensions/specification and quantity","","0","","2026-10-08"
"842","Plumbing Store","CPVC Pipe","goods","variant_and_source_pending","Brand, material/grade, dimensions/specification and quantity","","0","","2026-10-08"
"843","Plumbing Store","GI Pipe","goods","variant_and_source_pending","Brand, material/grade, dimensions/specification and quantity","","0","","2026-10-08"
"844","Plumbing Store","Elbow","goods","variant_and_source_pending","Brand, material/grade, dimensions/specification and quantity","","0","","2026-10-08"
"845","Plumbing Store","Tee","goods","variant_and_source_pending","Brand, material/grade, dimensions/specification and quantity","","0","","2026-10-08"
"846","Plumbing Store","Socket","goods","variant_and_source_pending","Brand, material/grade, dimensions/specification and quantity","","0","","2026-10-08"
"847","Plumbing Store","Ball Valve","goods","variant_and_source_pending","Brand, material/grade, dimensions/specification and quantity","","0","","2026-10-08"
"848","Plumbing Store","Bib Cock","goods","variant_and_source_pending","Brand, material/grade, dimensions/specification and quantity","","0","","2026-10-08"
"849","Plumbing Store","Pipe Clamp","goods","variant_and_source_pending","Brand, material/grade, dimensions/specification and quantity","","0","","2026-10-08"
"850","Plumbing Store","PTFE Tape","goods","variant_and_source_pending","Brand, material/grade, dimensions/specification and quantity","","0","","2026-10-08"
"851","Generator Shop","Portable Generator","goods","variant_and_source_pending","Exact brand/variety, grade and pack weight/volume/count","","0","","2026-10-08"
"852","Generator Shop","Diesel Generator","goods","variant_and_source_pending","Exact brand/variety, grade and pack weight/volume/count","","0","","2026-10-08"
"853","Generator Shop","Petrol Generator","goods","variant_and_source_pending","Exact brand/variety, grade and pack weight/volume/count","","0","","2026-10-08"
"854","Generator Shop","Generator Battery","goods","variant_and_source_pending","Exact brand/variety, grade and pack weight/volume/count","","0","","2026-10-08"
"855","Generator Shop","Generator Oil","goods","variant_and_source_pending","Exact brand/variety, grade and pack weight/volume/count","","0","","2026-10-08"
"856","Generator Shop","Generator Filter","goods","variant_and_source_pending","Exact brand/variety, grade and pack weight/volume/count","","0","","2026-10-08"
"857","Generator Shop","Generator Cable","goods","variant_and_source_pending","Exact brand/variety, grade and pack weight/volume/count","","0","","2026-10-08"
"858","Generator Shop","AVR","goods","variant_and_source_pending","Exact brand/variety, grade and pack weight/volume/count","","0","","2026-10-08"
"859","Generator Shop","Control Panel","goods","variant_and_source_pending","Exact brand/variety, grade and pack weight/volume/count","","0","","2026-10-08"
"860","Generator Shop","Generator Cover","goods","variant_and_source_pending","Exact brand/variety, grade and pack weight/volume/count","","0","","2026-10-08"
"861","RO Service Shop","RO Servicing","goods","variant_and_source_pending","Exact brand/variety, grade and pack weight/volume/count","","0","","2026-10-08"
"862","RO Service Shop","Filter Replacement","goods","variant_and_source_pending","Exact brand/variety, grade and pack weight/volume/count","","0","","2026-10-08"
"863","RO Service Shop","Membrane Replacement","goods","variant_and_source_pending","Exact brand/variety, grade and pack weight/volume/count","","0","","2026-10-08"
"864","RO Service Shop","Pump Replacement","goods","variant_and_source_pending","Exact brand/variety, grade and pack weight/volume/count","","0","","2026-10-08"
"865","RO Service Shop","TDS Check","goods","variant_and_source_pending","Exact brand/variety, grade and pack weight/volume/count","","0","","2026-10-08"
"866","RO Service Shop","Leak Repair","goods","variant_and_source_pending","Exact brand/variety, grade and pack weight/volume/count","","0","","2026-10-08"
"867","RO Service Shop","Tank Cleaning","goods","variant_and_source_pending","Exact brand/variety, grade and pack weight/volume/count","","0","","2026-10-08"
"868","RO Service Shop","Faucet Replacement","goods","variant_and_source_pending","Exact brand/variety, grade and pack weight/volume/count","","0","","2026-10-08"
"869","RO Service Shop","Installation","goods","variant_and_source_pending","Exact brand/variety, grade and pack weight/volume/count","","0","","2026-10-08"
"870","RO Service Shop","AMC Service","goods","variant_and_source_pending","Exact brand/variety, grade and pack weight/volume/count","","0","","2026-10-08"
"871","Gym & Fitness Store","Dumbbell","goods","variant_and_source_pending","Exact brand/variety, grade and pack weight/volume/count","","0","","2026-10-08"
"872","Gym & Fitness Store","Barbell","goods","variant_and_source_pending","Exact brand/variety, grade and pack weight/volume/count","","0","","2026-10-08"
"873","Gym & Fitness Store","Weight Plate","goods","variant_and_source_pending","Exact brand/variety, grade and pack weight/volume/count","","0","","2026-10-08"
"874","Gym & Fitness Store","Resistance Band","goods","variant_and_source_pending","Exact brand/variety, grade and pack weight/volume/count","","0","","2026-10-08"
"875","Gym & Fitness Store","Treadmill","goods","variant_and_source_pending","Exact brand/variety, grade and pack weight/volume/count","","0","","2026-10-08"
"876","Gym & Fitness Store","Exercise Bike","goods","variant_and_source_pending","Exact brand/variety, grade and pack weight/volume/count","","0","","2026-10-08"
"877","Gym & Fitness Store","Yoga Mat","goods","variant_and_source_pending","Exact brand/variety, grade and pack weight/volume/count","","0","","2026-10-08"
"878","Gym & Fitness Store","Gym Gloves","goods","variant_and_source_pending","Exact brand/variety, grade and pack weight/volume/count","","0","","2026-10-08"
"879","Gym & Fitness Store","Skipping Rope","goods","variant_and_source_pending","Exact brand/variety, grade and pack weight/volume/count","","0","","2026-10-08"
"880","Gym & Fitness Store","Kettlebell","goods","variant_and_source_pending","Exact brand/variety, grade and pack weight/volume/count","","0","","2026-10-08"
"881","Handicraft Store","Wooden Craft","goods","variant_and_source_pending","Exact brand/variety, grade and pack weight/volume/count","","0","","2026-10-08"
"882","Handicraft Store","Clay Pottery","goods","variant_and_source_pending","Exact brand/variety, grade and pack weight/volume/count","","0","","2026-10-08"
"883","Handicraft Store","Handmade Basket","goods","variant_and_source_pending","Exact brand/variety, grade and pack weight/volume/count","","0","","2026-10-08"
"884","Handicraft Store","Wall Hanging","goods","variant_and_source_pending","Exact brand/variety, grade and pack weight/volume/count","","0","","2026-10-08"
"885","Handicraft Store","Handmade Candle","goods","variant_and_source_pending","Exact brand/variety, grade and pack weight/volume/count","","0","","2026-10-08"
"886","Handicraft Store","Decorative Box","goods","variant_and_source_pending","Exact brand/variety, grade and pack weight/volume/count","","0","","2026-10-08"
"887","Handicraft Store","Art Piece","goods","variant_and_source_pending","Exact brand/variety, grade and pack weight/volume/count","","0","","2026-10-08"
"888","Handicraft Store","Handmade Toy","goods","variant_and_source_pending","Exact brand/variety, grade and pack weight/volume/count","","0","","2026-10-08"
"889","Handicraft Store","Bamboo Product","goods","variant_and_source_pending","Exact brand/variety, grade and pack weight/volume/count","","0","","2026-10-08"
"890","Handicraft Store","Craft Gift Set","goods","variant_and_source_pending","Exact brand/variety, grade and pack weight/volume/count","","0","","2026-10-08"
"891","Party Supply Store","Birthday Balloons","goods","variant_and_source_pending","Exact brand/variety, grade and pack weight/volume/count","","0","","2026-10-08"
"892","Party Supply Store","Party Cap","goods","variant_and_source_pending","Exact brand/variety, grade and pack weight/volume/count","","0","","2026-10-08"
"893","Party Supply Store","Birthday Banner","goods","variant_and_source_pending","Exact brand/variety, grade and pack weight/volume/count","","0","","2026-10-08"
"894","Party Supply Store","Candle","goods","variant_and_source_pending","Exact brand/variety, grade and pack weight/volume/count","","0","","2026-10-08"
"895","Party Supply Store","Confetti","goods","variant_and_source_pending","Exact brand/variety, grade and pack weight/volume/count","","0","","2026-10-08"
"896","Party Supply Store","Party Plate","goods","variant_and_source_pending","Exact brand/variety, grade and pack weight/volume/count","","0","","2026-10-08"
"897","Party Supply Store","Party Glass","goods","variant_and_source_pending","Exact brand/variety, grade and pack weight/volume/count","","0","","2026-10-08"
"898","Party Supply Store","Return Gift","goods","variant_and_source_pending","Exact brand/variety, grade and pack weight/volume/count","","0","","2026-10-08"
"899","Party Supply Store","Decoration Kit","goods","variant_and_source_pending","Exact brand/variety, grade and pack weight/volume/count","","0","","2026-10-08"
"900","Party Supply Store","Theme Decoration","goods","variant_and_source_pending","Exact brand/variety, grade and pack weight/volume/count","","0","","2026-10-08"
"901","Boutique & Tailor Shop","Product / Service 1","goods","variant_and_source_pending","Exact brand/variety, grade and pack weight/volume/count","","0","","2026-10-08"
"902","Boutique & Tailor Shop","Product / Service 2","goods","variant_and_source_pending","Exact brand/variety, grade and pack weight/volume/count","","0","","2026-10-08"
"903","Boutique & Tailor Shop","Product / Service 3","goods","variant_and_source_pending","Exact brand/variety, grade and pack weight/volume/count","","0","","2026-10-08"
"904","Boutique & Tailor Shop","Product / Service 4","service","service_quote_required","Work scope, area, date/time and provider quote","","0","","2026-10-08"
"905","Boutique & Tailor Shop","Product / Service 5","service","service_quote_required","Work scope, area, date/time and provider quote","","0","","2026-10-08"
"906","Fashion Accessories Shop","Product / Service 1","goods","variant_and_source_pending","Exact brand/variety, grade and pack weight/volume/count","","0","","2026-10-08"
"907","Fashion Accessories Shop","Product / Service 2","goods","variant_and_source_pending","Exact brand/variety, grade and pack weight/volume/count","","0","","2026-10-08"
"908","Fashion Accessories Shop","Product / Service 3","goods","variant_and_source_pending","Exact brand/variety, grade and pack weight/volume/count","","0","","2026-10-08"
"909","Fashion Accessories Shop","Product / Service 4","service","service_quote_required","Work scope, area, date/time and provider quote","","0","","2026-10-08"
"910","Fashion Accessories Shop","Product / Service 5","service","service_quote_required","Work scope, area, date/time and provider quote","","0","","2026-10-08"
"911","Salon / Barber","Product / Service 1","goods","variant_and_source_pending","Exact brand/variety, grade and pack weight/volume/count","","0","","2026-10-08"
"912","Salon / Barber","Product / Service 2","goods","variant_and_source_pending","Exact brand/variety, grade and pack weight/volume/count","","0","","2026-10-08"
"913","Salon / Barber","Product / Service 3","goods","variant_and_source_pending","Exact brand/variety, grade and pack weight/volume/count","","0","","2026-10-08"
"914","Salon / Barber","Product / Service 4","goods","variant_and_source_pending","Exact brand/variety, grade and pack weight/volume/count","","0","","2026-10-08"
"915","Salon / Barber","Product / Service 5","goods","variant_and_source_pending","Exact brand/variety, grade and pack weight/volume/count","","0","","2026-10-08"
"916","Optical Shop","Product / Service 1","goods","variant_and_source_pending","Exact brand/variety, grade and pack weight/volume/count","","0","","2026-10-08"
"917","Optical Shop","Product / Service 2","goods","variant_and_source_pending","Exact brand/variety, grade and pack weight/volume/count","","0","","2026-10-08"
"918","Optical Shop","Product / Service 3","goods","variant_and_source_pending","Exact brand/variety, grade and pack weight/volume/count","","0","","2026-10-08"
"919","Optical Shop","Product / Service 4","service","service_quote_required","Work scope, area, date/time and provider quote","","0","","2026-10-08"
"920","Optical Shop","Product / Service 5","service","service_quote_required","Work scope, area, date/time and provider quote","","0","","2026-10-08"
"921","Consumer Electronics Shop","Product / Service 1","goods","variant_and_source_pending","Brand, exact model, specification and pack","","0","","2026-10-08"
"922","Consumer Electronics Shop","Product / Service 2","goods","variant_and_source_pending","Brand, exact model, specification and pack","","0","","2026-10-08"
"923","Consumer Electronics Shop","Product / Service 3","goods","variant_and_source_pending","Brand, exact model, specification and pack","","0","","2026-10-08"
"924","Consumer Electronics Shop","Product / Service 4","service","service_quote_required","Work scope, area, date/time and provider quote","","0","","2026-10-08"
"925","Consumer Electronics Shop","Product / Service 5","service","service_quote_required","Work scope, area, date/time and provider quote","","0","","2026-10-08"
"926","Computer / IT Store","Product / Service 1","goods","variant_and_source_pending","Brand, exact model, specification and pack","","0","","2026-10-08"
"927","Computer / IT Store","Product / Service 2","goods","variant_and_source_pending","Brand, exact model, specification and pack","","0","","2026-10-08"
"928","Computer / IT Store","Product / Service 3","goods","variant_and_source_pending","Brand, exact model, specification and pack","","0","","2026-10-08"
"929","Computer / IT Store","Product / Service 4","goods","variant_and_source_pending","Brand, exact model, specification and pack","","0","","2026-10-08"
"930","Computer / IT Store","Product / Service 5","goods","variant_and_source_pending","Brand, exact model, specification and pack","","0","","2026-10-08"
"931","Auto Showroom","New Car","goods","variant_and_source_pending","Make, model/year, part number, compatibility and quantity","","0","","2026-10-08"
"932","Auto Showroom","Used Car","goods","variant_and_source_pending","Make, model/year, part number, compatibility and quantity","","0","","2026-10-08"
"933","Auto Showroom","Car Accessories","goods","variant_and_source_pending","Make, model/year, part number, compatibility and quantity","","0","","2026-10-08"
"934","Auto Showroom","Car Insurance Assistance","goods","variant_and_source_pending","Make, model/year, part number, compatibility and quantity","","0","","2026-10-08"
"935","Auto Showroom","Car Finance Assistance","goods","variant_and_source_pending","Make, model/year, part number, compatibility and quantity","","0","","2026-10-08"
"936","Garage / Auto Workshop","Product / Service 1","goods","variant_and_source_pending","Make, model/year, part number, compatibility and quantity","","0","","2026-10-08"
"937","Garage / Auto Workshop","Product / Service 2","goods","variant_and_source_pending","Make, model/year, part number, compatibility and quantity","","0","","2026-10-08"
"938","Garage / Auto Workshop","Product / Service 3","goods","variant_and_source_pending","Make, model/year, part number, compatibility and quantity","","0","","2026-10-08"
"939","Garage / Auto Workshop","Product / Service 4","goods","variant_and_source_pending","Make, model/year, part number, compatibility and quantity","","0","","2026-10-08"
"940","Garage / Auto Workshop","Product / Service 5","goods","variant_and_source_pending","Make, model/year, part number, compatibility and quantity","","0","","2026-10-08"
"941","Petrol Pump","Product / Service 1","goods","variant_and_source_pending","Exact brand/variety, grade and pack weight/volume/count","","0","","2026-10-08"
"942","Petrol Pump","Product / Service 2","goods","variant_and_source_pending","Exact brand/variety, grade and pack weight/volume/count","","0","","2026-10-08"
"943","Petrol Pump","Product / Service 3","goods","variant_and_source_pending","Exact brand/variety, grade and pack weight/volume/count","","0","","2026-10-08"
"944","Petrol Pump","Product / Service 4","goods","variant_and_source_pending","Exact brand/variety, grade and pack weight/volume/count","","0","","2026-10-08"
"945","Petrol Pump","Product / Service 5","goods","variant_and_source_pending","Exact brand/variety, grade and pack weight/volume/count","","0","","2026-10-08"
"946","Departmental Store","Grocery","goods","variant_and_source_pending","Exact brand/variety, grade and pack weight/volume/count","","0","","2026-10-08"
"947","Departmental Store","Personal Care","goods","variant_and_source_pending","Exact brand/variety, grade and pack weight/volume/count","","0","","2026-10-08"
"948","Departmental Store","Cleaning Products","goods","variant_and_source_pending","Exact brand/variety, grade and pack weight/volume/count","","0","","2026-10-08"
"949","Departmental Store","Kitchenware","goods","variant_and_source_pending","Exact brand/variety, grade and pack weight/volume/count","","0","","2026-10-08"
"950","Departmental Store","Stationery","goods","variant_and_source_pending","Exact brand/variety, grade and pack weight/volume/count","","0","","2026-10-08"
"951","Hypermarket / Supermarket","Grocery","goods","variant_and_source_pending","Exact brand/variety, grade and pack weight/volume/count","","0","","2026-10-08"
"952","Hypermarket / Supermarket","Fresh Produce","goods","variant_and_source_pending","Exact brand/variety, grade and pack weight/volume/count","","0","","2026-10-08"
"953","Hypermarket / Supermarket","Dairy","goods","variant_and_source_pending","Exact brand/variety, grade and pack weight/volume/count","","0","","2026-10-08"
"954","Hypermarket / Supermarket","Household Products","goods","variant_and_source_pending","Exact brand/variety, grade and pack weight/volume/count","","0","","2026-10-08"
"955","Hypermarket / Supermarket","Personal Care","goods","variant_and_source_pending","Exact brand/variety, grade and pack weight/volume/count","","0","","2026-10-08"
"956","Wholesale Store","Wholesale Grocery","goods","variant_and_source_pending","Exact brand/variety, grade and pack weight/volume/count","","0","","2026-10-08"
"957","Wholesale Store","Wholesale FMCG","goods","variant_and_source_pending","Exact brand/variety, grade and pack weight/volume/count","","0","","2026-10-08"
"958","Wholesale Store","Wholesale Stationery","goods","variant_and_source_pending","Exact brand/variety, grade and pack weight/volume/count","","0","","2026-10-08"
"959","Wholesale Store","Wholesale Hardware","goods","variant_and_source_pending","Exact brand/variety, grade and pack weight/volume/count","","0","","2026-10-08"
"960","Wholesale Store","Wholesale Packaging","goods","variant_and_source_pending","Exact brand/variety, grade and pack weight/volume/count","","0","","2026-10-08"
"961","Vending Machine","Water Bottle","goods","variant_and_source_pending","Exact brand/variety, grade and pack weight/volume/count","","0","","2026-10-08"
"962","Vending Machine","Cold Drink","goods","variant_and_source_pending","Exact brand/variety, grade and pack weight/volume/count","","0","","2026-10-08"
"963","Vending Machine","Chips","goods","variant_and_source_pending","Exact brand/variety, grade and pack weight/volume/count","","0","","2026-10-08"
"964","Vending Machine","Biscuits","goods","variant_and_source_pending","Exact brand/variety, grade and pack weight/volume/count","","0","","2026-10-08"
"965","Vending Machine","Chocolate","goods","variant_and_source_pending","Exact brand/variety, grade and pack weight/volume/count","","0","","2026-10-08"
"966","Pop-up Store","Fashion Items","goods","variant_and_source_pending","Exact brand/variety, grade and pack weight/volume/count","","0","","2026-10-08"
"967","Pop-up Store","Gift Items","goods","variant_and_source_pending","Exact brand/variety, grade and pack weight/volume/count","","0","","2026-10-08"
"968","Pop-up Store","Food Items","goods","variant_and_source_pending","Exact brand/variety, grade and pack weight/volume/count","","0","","2026-10-08"
"969","Pop-up Store","Seasonal Items","goods","variant_and_source_pending","Exact brand/variety, grade and pack weight/volume/count","","0","","2026-10-08"
"970","Pop-up Store","Promotional Items","goods","variant_and_source_pending","Exact brand/variety, grade and pack weight/volume/count","","0","","2026-10-08"
"971","General Store","Grocery","goods","variant_and_source_pending","Exact brand/variety, grade and pack weight/volume/count","","0","","2026-10-08"
"972","General Store","Soap","goods","retail_reference_only","Shop must confirm exact variant, local selling price and availability","Lux Soft Glow Rose Soap (reference example)","5","https://www.bigbasket.com/pd/306171/lux-beauty-soap-for-glowing-skin-rose-vitamin-e-100-g/","2026-10-08"
"973","General Store","Shampoo","goods","retail_reference_only","Shop must confirm exact variant, local selling price and availability","Dove Daily Shine Shampoo (reference example)","5","https://www.bigbasket.com/pd/266692/dove-daily-shine-shampoo-180-ml/","2026-10-08"
"974","General Store","Biscuits","goods","retail_reference_only","Shop must confirm exact variant, local selling price and availability","Parle-G Gold Biscuits (reference example)","4","https://www.bigbasket.com/pd/40204945/parle-g-gold-biscuits-1-kg/","2026-10-08"
"975","General Store","Cleaning Products","goods","variant_and_source_pending","Exact brand/variety, grade and pack weight/volume/count","","0","","2026-10-08"
"976","Convenience Store","Milk","goods","variant_and_source_pending","Exact brand/variety, grade and pack weight/volume/count","","0","","2026-10-08"
"977","Convenience Store","Bread","goods","variant_and_source_pending","Exact brand/variety, grade and pack weight/volume/count","","0","","2026-10-08"
"978","Convenience Store","Biscuits","goods","retail_reference_only","Shop must confirm exact variant, local selling price and availability","Parle-G Gold Biscuits (reference example)","4","https://www.bigbasket.com/pd/40204945/parle-g-gold-biscuits-1-kg/","2026-10-08"
"979","Convenience Store","Snacks","goods","variant_and_source_pending","Exact brand/variety, grade and pack weight/volume/count","","0","","2026-10-08"
"980","Convenience Store","Cold Drinks","goods","variant_and_source_pending","Exact brand/variety, grade and pack weight/volume/count","","0","","2026-10-08"
"981","Mini Mart","Grocery","goods","variant_and_source_pending","Exact brand/variety, grade and pack weight/volume/count","","0","","2026-10-08"
"982","Mini Mart","Beverages","goods","variant_and_source_pending","Exact brand/variety, grade and pack weight/volume/count","","0","","2026-10-08"
"983","Mini Mart","Personal Care","goods","variant_and_source_pending","Exact brand/variety, grade and pack weight/volume/count","","0","","2026-10-08"
"984","Mini Mart","Household","goods","variant_and_source_pending","Exact brand/variety, grade and pack weight/volume/count","","0","","2026-10-08"
"985","Mini Mart","Snacks","goods","variant_and_source_pending","Exact brand/variety, grade and pack weight/volume/count","","0","","2026-10-08"
"986","Household Products Store","Bucket","goods","variant_and_source_pending","Exact brand/variety, grade and pack weight/volume/count","","0","","2026-10-08"
"987","Household Products Store","Mug","goods","variant_and_source_pending","Exact brand/variety, grade and pack weight/volume/count","","0","","2026-10-08"
"988","Household Products Store","Broom","goods","variant_and_source_pending","Exact brand/variety, grade and pack weight/volume/count","","0","","2026-10-08"
"989","Household Products Store","Mop","goods","variant_and_source_pending","Exact brand/variety, grade and pack weight/volume/count","","0","","2026-10-08"
"990","Household Products Store","Storage Box","goods","variant_and_source_pending","Exact brand/variety, grade and pack weight/volume/count","","0","","2026-10-08"
"991","Mattress & Bedding Shop","Mattress","goods","variant_and_source_pending","Exact brand/variety, grade and pack weight/volume/count","","0","","2026-10-08"
"992","Mattress & Bedding Shop","Pillow","goods","variant_and_source_pending","Exact brand/variety, grade and pack weight/volume/count","","0","","2026-10-08"
"993","Mattress & Bedding Shop","Bedsheet","goods","variant_and_source_pending","Exact brand/variety, grade and pack weight/volume/count","","0","","2026-10-08"
"994","Mattress & Bedding Shop","Blanket","service","service_quote_required","Work scope, area, date/time and provider quote","","0","","2026-10-08"
"995","Mattress & Bedding Shop","Quilt","service","service_quote_required","Work scope, area, date/time and provider quote","","0","","2026-10-08"
"996","Curtain Shop","Curtain","goods","variant_and_source_pending","Exact brand/variety, grade and pack weight/volume/count","","0","","2026-10-08"
"997","Curtain Shop","Blinds","goods","variant_and_source_pending","Exact brand/variety, grade and pack weight/volume/count","","0","","2026-10-08"
"998","Curtain Shop","Curtain Rod","goods","variant_and_source_pending","Exact brand/variety, grade and pack weight/volume/count","","0","","2026-10-08"
"999","Curtain Shop","Curtain Hooks","service","service_quote_required","Work scope, area, date/time and provider quote","","0","","2026-10-08"
"1000","Curtain Shop","Window Sheer","service","service_quote_required","Work scope, area, date/time and provider quote","","0","","2026-10-08"
"1001","Lock & Security Shop","Door Lock","goods","variant_and_source_pending","Exact brand/variety, grade and pack weight/volume/count","","0","","2026-10-08"
"1002","Lock & Security Shop","Padlock","goods","variant_and_source_pending","Exact brand/variety, grade and pack weight/volume/count","","0","","2026-10-08"
"1003","Lock & Security Shop","Digital Lock","goods","variant_and_source_pending","Exact brand/variety, grade and pack weight/volume/count","","0","","2026-10-08"
"1004","Lock & Security Shop","Safe Lock","service","service_quote_required","Work scope, area, date/time and provider quote","","0","","2026-10-08"
"1005","Lock & Security Shop","Door Hinge","service","service_quote_required","Work scope, area, date/time and provider quote","","0","","2026-10-08"
"1006","Flower Shop","Rose","goods","variant_and_source_pending","Exact brand/variety, grade and pack weight/volume/count","","0","","2026-10-08"
"1007","Flower Shop","Marigold","goods","variant_and_source_pending","Exact brand/variety, grade and pack weight/volume/count","","0","","2026-10-08"
"1008","Flower Shop","Bouquet","goods","variant_and_source_pending","Exact brand/variety, grade and pack weight/volume/count","","0","","2026-10-08"
"1009","Flower Shop","Garland","service","service_quote_required","Work scope, area, date/time and provider quote","","0","","2026-10-08"
"1010","Flower Shop","Wedding Flowers","service","service_quote_required","Work scope, area, date/time and provider quote","","0","","2026-10-08"
"1011","Religious Store","Religious Books","goods","variant_and_source_pending","Exact brand/variety, grade and pack weight/volume/count","","0","","2026-10-08"
"1012","Religious Store","Mala","goods","variant_and_source_pending","Exact brand/variety, grade and pack weight/volume/count","","0","","2026-10-08"
"1013","Religious Store","Idol","goods","variant_and_source_pending","Exact brand/variety, grade and pack weight/volume/count","","0","","2026-10-08"
"1014","Religious Store","Pooja Cloth","goods","variant_and_source_pending","Exact brand/variety, grade and pack weight/volume/count","","0","","2026-10-08"
"1015","Religious Store","Religious Accessories","goods","variant_and_source_pending","Exact brand/variety, grade and pack weight/volume/count","","0","","2026-10-08"
"1016","Inverter & Battery Shop","Inverter","goods","variant_and_source_pending","Make, model/year, part number, compatibility and quantity","","0","","2026-10-08"
"1017","Inverter & Battery Shop","Inverter Battery","goods","variant_and_source_pending","Make, model/year, part number, compatibility and quantity","","0","","2026-10-08"
"1018","Inverter & Battery Shop","UPS","goods","variant_and_source_pending","Make, model/year, part number, compatibility and quantity","","0","","2026-10-08"
"1019","Inverter & Battery Shop","Battery Charger","service","service_quote_required","Work scope, area, date/time and provider quote","","0","","2026-10-08"
"1020","Inverter & Battery Shop","Stabilizer","service","service_quote_required","Work scope, area, date/time and provider quote","","0","","2026-10-08"
"1021","Tractor / Farm Equipment Shop","Tractor Part","goods","variant_and_source_pending","Exact brand/variety, grade and pack weight/volume/count","","0","","2026-10-08"
"1022","Tractor / Farm Equipment Shop","Cultivator","goods","variant_and_source_pending","Exact brand/variety, grade and pack weight/volume/count","","0","","2026-10-08"
"1023","Tractor / Farm Equipment Shop","Rotavator","goods","variant_and_source_pending","Exact brand/variety, grade and pack weight/volume/count","","0","","2026-10-08"
"1024","Tractor / Farm Equipment Shop","Sprayer","service","service_quote_required","Work scope, area, date/time and provider quote","","0","","2026-10-08"
"1025","Tractor / Farm Equipment Shop","Water Pump","service","service_quote_required","Work scope, area, date/time and provider quote","","0","","2026-10-08"
"1026","Restaurant","Thali","goods","variant_and_source_pending","Exact brand/variety, grade and pack weight/volume/count","","0","","2026-10-08"
"1027","Restaurant","Rice Dish","goods","variant_and_source_pending","Exact brand/variety, grade and pack weight/volume/count","","0","","2026-10-08"
"1028","Restaurant","Dal","goods","variant_and_source_pending","Exact brand/variety, grade and pack weight/volume/count","","0","","2026-10-08"
"1029","Restaurant","Vegetable Dish","goods","variant_and_source_pending","Exact brand/variety, grade and pack weight/volume/count","","0","","2026-10-08"
"1030","Restaurant","Roti","goods","variant_and_source_pending","Exact brand/variety, grade and pack weight/volume/count","","0","","2026-10-08"
"1031","Cafe","Tea","goods","variant_and_source_pending","Exact brand/variety, grade and pack weight/volume/count","","0","","2026-10-08"
"1032","Cafe","Coffee","goods","variant_and_source_pending","Exact brand/variety, grade and pack weight/volume/count","","0","","2026-10-08"
"1033","Cafe","Sandwich","goods","variant_and_source_pending","Exact brand/variety, grade and pack weight/volume/count","","0","","2026-10-08"
"1034","Cafe","Burger","goods","variant_and_source_pending","Exact brand/variety, grade and pack weight/volume/count","","0","","2026-10-08"
"1035","Cafe","Pastry","goods","variant_and_source_pending","Exact brand/variety, grade and pack weight/volume/count","","0","","2026-10-08"
"1036","Fast Food Shop","Burger","goods","variant_and_source_pending","Exact brand/variety, grade and pack weight/volume/count","","0","","2026-10-08"
"1037","Fast Food Shop","Pizza","goods","variant_and_source_pending","Exact brand/variety, grade and pack weight/volume/count","","0","","2026-10-08"
"1038","Fast Food Shop","Momos","goods","variant_and_source_pending","Exact brand/variety, grade and pack weight/volume/count","","0","","2026-10-08"
"1039","Fast Food Shop","Chowmein","service","service_quote_required","Work scope, area, date/time and provider quote","","0","","2026-10-08"
"1040","Fast Food Shop","French Fries","service","service_quote_required","Work scope, area, date/time and provider quote","","0","","2026-10-08"
"1041","Juice Shop","Orange Juice","goods","variant_and_source_pending","Exact brand/variety, grade and pack weight/volume/count","","0","","2026-10-08"
"1042","Juice Shop","Mango Shake","goods","variant_and_source_pending","Exact brand/variety, grade and pack weight/volume/count","","0","","2026-10-08"
"1043","Juice Shop","Banana Shake","goods","variant_and_source_pending","Exact brand/variety, grade and pack weight/volume/count","","0","","2026-10-08"
"1044","Juice Shop","Sugarcane Juice","service","service_quote_required","Work scope, area, date/time and provider quote","","0","","2026-10-08"
"1045","Juice Shop","Lassi","service","service_quote_required","Work scope, area, date/time and provider quote","","0","","2026-10-08"
"1046","Ice Cream Shop","Ice Cream Cup","goods","variant_and_source_pending","Exact brand/variety, grade and pack weight/volume/count","","0","","2026-10-08"
"1047","Ice Cream Shop","Ice Cream Cone","goods","variant_and_source_pending","Exact brand/variety, grade and pack weight/volume/count","","0","","2026-10-08"
"1048","Ice Cream Shop","Kulfi","goods","variant_and_source_pending","Exact brand/variety, grade and pack weight/volume/count","","0","","2026-10-08"
"1049","Ice Cream Shop","Family Pack","service","service_quote_required","Work scope, area, date/time and provider quote","","0","","2026-10-08"
"1050","Ice Cream Shop","Sundae","service","service_quote_required","Work scope, area, date/time and provider quote","","0","","2026-10-08"
"1051","Leather Goods Shop","Wallet","goods","variant_and_source_pending","Exact brand/variety, grade and pack weight/volume/count","","0","","2026-10-08"
"1052","Leather Goods Shop","Belt","goods","variant_and_source_pending","Exact brand/variety, grade and pack weight/volume/count","","0","","2026-10-08"
"1053","Leather Goods Shop","Leather Bag","goods","variant_and_source_pending","Exact brand/variety, grade and pack weight/volume/count","","0","","2026-10-08"
"1054","Leather Goods Shop","Card Holder","service","service_quote_required","Work scope, area, date/time and provider quote","","0","","2026-10-08"
"1055","Leather Goods Shop","Leather Shoes","service","service_quote_required","Work scope, area, date/time and provider quote","","0","","2026-10-08"
"1056","Bicycle Repair Shop","Puncture Repair","goods","variant_and_source_pending","Exact brand/variety, grade and pack weight/volume/count","","0","","2026-10-08"
"1057","Bicycle Repair Shop","Brake Repair","goods","variant_and_source_pending","Exact brand/variety, grade and pack weight/volume/count","","0","","2026-10-08"
"1058","Bicycle Repair Shop","Chain Repair","goods","variant_and_source_pending","Exact brand/variety, grade and pack weight/volume/count","","0","","2026-10-08"
"1059","Bicycle Repair Shop","Tyre Replacement","service","service_quote_required","Work scope, area, date/time and provider quote","","0","","2026-10-08"
"1060","Bicycle Repair Shop","Gear Adjustment","service","service_quote_required","Work scope, area, date/time and provider quote","","0","","2026-10-08"
"1061","Pipe & Fittings Shop","PVC Pipe","goods","variant_and_source_pending","Brand, material/grade, dimensions/specification and quantity","","0","","2026-10-08"
"1062","Pipe & Fittings Shop","GI Pipe","goods","variant_and_source_pending","Brand, material/grade, dimensions/specification and quantity","","0","","2026-10-08"
"1063","Pipe & Fittings Shop","CPVC Pipe","goods","variant_and_source_pending","Brand, material/grade, dimensions/specification and quantity","","0","","2026-10-08"
"1064","Pipe & Fittings Shop","Pipe Elbow","service","service_quote_required","Work scope, area, date/time and provider quote","","0","","2026-10-08"
"1065","Pipe & Fittings Shop","Pipe Tee","service","service_quote_required","Work scope, area, date/time and provider quote","","0","","2026-10-08"
"1066","Wood / Timber Shop","Plywood","goods","variant_and_source_pending","Exact brand/variety, grade and pack weight/volume/count","","0","","2026-10-08"
"1067","Wood / Timber Shop","MDF Board","goods","variant_and_source_pending","Exact brand/variety, grade and pack weight/volume/count","","0","","2026-10-08"
"1068","Wood / Timber Shop","Timber","goods","variant_and_source_pending","Exact brand/variety, grade and pack weight/volume/count","","0","","2026-10-08"
"1069","Wood / Timber Shop","Block Board","service","service_quote_required","Work scope, area, date/time and provider quote","","0","","2026-10-08"
"1070","Wood / Timber Shop","Veneer","service","service_quote_required","Work scope, area, date/time and provider quote","","0","","2026-10-08"
"1071","Welding / Fabrication Shop","Iron Gate","goods","variant_and_source_pending","Brand, size, colour, material and piece/set","","0","","2026-10-08"
"1072","Welding / Fabrication Shop","Grill","goods","variant_and_source_pending","Brand, size, colour, material and piece/set","","0","","2026-10-08"
"1073","Welding / Fabrication Shop","Railing","goods","variant_and_source_pending","Brand, size, colour, material and piece/set","","0","","2026-10-08"
"1074","Welding / Fabrication Shop","Window Frame","service","service_quote_required","Work scope, area, date/time and provider quote","","0","","2026-10-08"
"1075","Welding / Fabrication Shop","Shutter","service","service_quote_required","Work scope, area, date/time and provider quote","","0","","2026-10-08"
"1076","Medical Equipment Shop","BP Monitor","goods","variant_and_source_pending","Exact product, strength/type, brand and pack; shop quote","","0","","2026-10-08"
"1077","Medical Equipment Shop","Pulse Oximeter","goods","variant_and_source_pending","Exact product, strength/type, brand and pack; shop quote","","0","","2026-10-08"
"1078","Medical Equipment Shop","Wheelchair","goods","variant_and_source_pending","Exact product, strength/type, brand and pack; shop quote","","0","","2026-10-08"
"1079","Medical Equipment Shop","Nebulizer","service","service_quote_required","Work scope, area, date/time and provider quote","","0","","2026-10-08"
"1080","Medical Equipment Shop","Patient Bed","service","service_quote_required","Work scope, area, date/time and provider quote","","0","","2026-10-08"
"1081","Surgical Equipment Shop","Surgical Gloves","goods","variant_and_source_pending","Exact brand/variety, grade and pack weight/volume/count","","0","","2026-10-08"
"1082","Surgical Equipment Shop","Surgical Mask","goods","variant_and_source_pending","Exact brand/variety, grade and pack weight/volume/count","","0","","2026-10-08"
"1083","Surgical Equipment Shop","Syringe","goods","variant_and_source_pending","Exact brand/variety, grade and pack weight/volume/count","","0","","2026-10-08"
"1084","Surgical Equipment Shop","Surgical Scissors","service","service_quote_required","Work scope, area, date/time and provider quote","","0","","2026-10-08"
"1085","Surgical Equipment Shop","Dressing Set","service","service_quote_required","Work scope, area, date/time and provider quote","","0","","2026-10-08"
"1086","Laboratory Equipment Shop","Microscope","goods","variant_and_source_pending","Exact brand/variety, grade and pack weight/volume/count","","0","","2026-10-08"
"1087","Laboratory Equipment Shop","Test Tube","goods","variant_and_source_pending","Exact brand/variety, grade and pack weight/volume/count","","0","","2026-10-08"
"1088","Laboratory Equipment Shop","Beaker","goods","variant_and_source_pending","Exact brand/variety, grade and pack weight/volume/count","","0","","2026-10-08"
"1089","Laboratory Equipment Shop","Measuring Cylinder","service","service_quote_required","Work scope, area, date/time and provider quote","","0","","2026-10-08"
"1090","Laboratory Equipment Shop","Lab Gloves","service","service_quote_required","Work scope, area, date/time and provider quote","","0","","2026-10-08"
"1091","Chemical Supply Shop","Cleaning Chemical","goods","variant_and_source_pending","Exact brand/variety, grade and pack weight/volume/count","","0","","2026-10-08"
"1092","Chemical Supply Shop","Industrial Solvent","goods","variant_and_source_pending","Exact brand/variety, grade and pack weight/volume/count","","0","","2026-10-08"
"1093","Chemical Supply Shop","Laboratory Chemical","goods","variant_and_source_pending","Exact brand/variety, grade and pack weight/volume/count","","0","","2026-10-08"
"1094","Chemical Supply Shop","Adhesive","service","service_quote_required","Work scope, area, date/time and provider quote","","0","","2026-10-08"
"1095","Chemical Supply Shop","Treatment Chemical","service","service_quote_required","Work scope, area, date/time and provider quote","","0","","2026-10-08"
"1096","Industrial Equipment Shop","Air Compressor","goods","variant_and_source_pending","Exact brand/variety, grade and pack weight/volume/count","","0","","2026-10-08"
"1097","Industrial Equipment Shop","Industrial Pump","goods","variant_and_source_pending","Exact brand/variety, grade and pack weight/volume/count","","0","","2026-10-08"
"1098","Industrial Equipment Shop","Motor","goods","variant_and_source_pending","Exact brand/variety, grade and pack weight/volume/count","","0","","2026-10-08"
"1099","Industrial Equipment Shop","Machine Part","service","service_quote_required","Work scope, area, date/time and provider quote","","0","","2026-10-08"
"1100","Industrial Equipment Shop","Generator","service","service_quote_required","Work scope, area, date/time and provider quote","","0","","2026-10-08"
"1101","Machine Tools Shop","Drill Bit","goods","variant_and_source_pending","Exact brand/variety, grade and pack weight/volume/count","","0","","2026-10-08"
"1102","Machine Tools Shop","Cutting Tool","goods","variant_and_source_pending","Exact brand/variety, grade and pack weight/volume/count","","0","","2026-10-08"
"1103","Machine Tools Shop","Grinding Wheel","goods","variant_and_source_pending","Exact brand/variety, grade and pack weight/volume/count","","0","","2026-10-08"
"1104","Machine Tools Shop","Machine Chuck","service","service_quote_required","Work scope, area, date/time and provider quote","","0","","2026-10-08"
"1105","Machine Tools Shop","Measuring Tool","service","service_quote_required","Work scope, area, date/time and provider quote","","0","","2026-10-08"
"1106","Computer Networking Shop","Router","goods","variant_and_source_pending","Brand, exact model, specification and pack","","0","","2026-10-08"
"1107","Computer Networking Shop","Switch","goods","variant_and_source_pending","Brand, exact model, specification and pack","","0","","2026-10-08"
"1108","Computer Networking Shop","LAN Cable","goods","variant_and_source_pending","Brand, exact model, specification and pack","","0","","2026-10-08"
"1109","Computer Networking Shop","Network Rack","service","service_quote_required","Work scope, area, date/time and provider quote","","0","","2026-10-08"
"1110","Computer Networking Shop","WiFi Access Point","service","service_quote_required","Work scope, area, date/time and provider quote","","0","","2026-10-08"
"1111","AC & Refrigerator Repair Shop","AC Service","goods","variant_and_source_pending","Exact brand/variety, grade and pack weight/volume/count","","0","","2026-10-08"
"1112","AC & Refrigerator Repair Shop","Gas Charging","goods","variant_and_source_pending","Exact brand/variety, grade and pack weight/volume/count","","0","","2026-10-08"
"1113","AC & Refrigerator Repair Shop","Compressor Repair","goods","variant_and_source_pending","Exact brand/variety, grade and pack weight/volume/count","","0","","2026-10-08"
"1114","AC & Refrigerator Repair Shop","Refrigerator Repair","service","service_quote_required","Work scope, area, date/time and provider quote","","0","","2026-10-08"
"1115","AC & Refrigerator Repair Shop","Thermostat Replacement","service","service_quote_required","Work scope, area, date/time and provider quote","","0","","2026-10-08"
"1116","Appliance Repair Shop","Washing Machine Repair","goods","variant_and_source_pending","Brand, exact model, specification and pack","","0","","2026-10-08"
"1117","Appliance Repair Shop","Microwave Repair","goods","variant_and_source_pending","Brand, exact model, specification and pack","","0","","2026-10-08"
"1118","Appliance Repair Shop","Mixer Repair","goods","variant_and_source_pending","Brand, exact model, specification and pack","","0","","2026-10-08"
"1119","Appliance Repair Shop","Cooler Repair","service","service_quote_required","Work scope, area, date/time and provider quote","","0","","2026-10-08"
"1120","Appliance Repair Shop","Iron Repair","service","service_quote_required","Work scope, area, date/time and provider quote","","0","","2026-10-08"
"1121","RO Water Purifier Shop","RO Purifier","goods","variant_and_source_pending","Exact brand/variety, grade and pack weight/volume/count","","0","","2026-10-08"
"1122","RO Water Purifier Shop","RO Membrane","goods","variant_and_source_pending","Exact brand/variety, grade and pack weight/volume/count","","0","","2026-10-08"
"1123","RO Water Purifier Shop","Sediment Filter","goods","variant_and_source_pending","Exact brand/variety, grade and pack weight/volume/count","","0","","2026-10-08"
"1124","RO Water Purifier Shop","Carbon Filter","service","service_quote_required","Work scope, area, date/time and provider quote","","0","","2026-10-08"
"1125","RO Water Purifier Shop","RO Pump","service","service_quote_required","Work scope, area, date/time and provider quote","","0","","2026-10-08"
"1126","Water Tank Shop","Plastic Water Tank","goods","variant_and_source_pending","Exact brand/variety, grade and pack weight/volume/count","","0","","2026-10-08"
"1127","Water Tank Shop","Sintex Tank","goods","variant_and_source_pending","Exact brand/variety, grade and pack weight/volume/count","","0","","2026-10-08"
"1128","Water Tank Shop","Overhead Tank","goods","variant_and_source_pending","Exact brand/variety, grade and pack weight/volume/count","","0","","2026-10-08"
"1129","Water Tank Shop","Underground Tank","service","service_quote_required","Work scope, area, date/time and provider quote","","0","","2026-10-08"
"1130","Water Tank Shop","Tank Fitting","service","service_quote_required","Work scope, area, date/time and provider quote","","0","","2026-10-08"
"1131","LPG / Gas Service Centre","LPG Cylinder","service","service_quote_required","Work scope, area, date/time and provider quote","","0","","2026-10-08"
"1132","LPG / Gas Service Centre","Gas Regulator","service","service_quote_required","Work scope, area, date/time and provider quote","","0","","2026-10-08"
"1133","LPG / Gas Service Centre","Gas Pipe","service","service_quote_required","Work scope, area, date/time and provider quote","","0","","2026-10-08"
"1134","LPG / Gas Service Centre","Gas Stove","service","service_quote_required","Work scope, area, date/time and provider quote","","0","","2026-10-08"
"1135","LPG / Gas Service Centre","Gas Lighter","service","service_quote_required","Work scope, area, date/time and provider quote","","0","","2026-10-08"
"1136","Wedding Supply Store","Wedding Card","goods","variant_and_source_pending","Exact brand/variety, grade and pack weight/volume/count","","0","","2026-10-08"
"1137","Wedding Supply Store","Wedding Decoration","goods","variant_and_source_pending","Exact brand/variety, grade and pack weight/volume/count","","0","","2026-10-08"
"1138","Wedding Supply Store","Return Gift","goods","variant_and_source_pending","Exact brand/variety, grade and pack weight/volume/count","","0","","2026-10-08"
"1139","Wedding Supply Store","Stage Decoration","goods","variant_and_source_pending","Exact brand/variety, grade and pack weight/volume/count","","0","","2026-10-08"
"1140","Wedding Supply Store","Wedding Props","goods","variant_and_source_pending","Exact brand/variety, grade and pack weight/volume/count","","0","","2026-10-08"
"1141","Costume Store","Fancy Dress","goods","variant_and_source_pending","Exact brand/variety, grade and pack weight/volume/count","","0","","2026-10-08"
"1142","Costume Store","Costume Jewellery","goods","variant_and_source_pending","Exact brand/variety, grade and pack weight/volume/count","","0","","2026-10-08"
"1143","Costume Store","Traditional Costume","goods","variant_and_source_pending","Exact brand/variety, grade and pack weight/volume/count","","0","","2026-10-08"
"1144","Costume Store","Kids Costume","goods","variant_and_source_pending","Exact brand/variety, grade and pack weight/volume/count","","0","","2026-10-08"
"1145","Costume Store","Theatre Costume","goods","variant_and_source_pending","Exact brand/variety, grade and pack weight/volume/count","","0","","2026-10-08"
"1146","Antique Store","Antique Clock","goods","variant_and_source_pending","Exact brand/variety, grade and pack weight/volume/count","","0","","2026-10-08"
"1147","Antique Store","Antique Furniture","goods","variant_and_source_pending","Exact brand/variety, grade and pack weight/volume/count","","0","","2026-10-08"
"1148","Antique Store","Decorative Antique","goods","variant_and_source_pending","Exact brand/variety, grade and pack weight/volume/count","","0","","2026-10-08"
"1149","Antique Store","Vintage Art","goods","variant_and_source_pending","Exact brand/variety, grade and pack weight/volume/count","","0","","2026-10-08"
"1150","Antique Store","Collectible","goods","variant_and_source_pending","Exact brand/variety, grade and pack weight/volume/count","","0","","2026-10-08"
"1151","Art Gallery","Painting","goods","variant_and_source_pending","Exact brand/variety, grade and pack weight/volume/count","","0","","2026-10-08"
"1152","Art Gallery","Canvas Art","goods","variant_and_source_pending","Exact brand/variety, grade and pack weight/volume/count","","0","","2026-10-08"
"1153","Art Gallery","Print Art","goods","variant_and_source_pending","Exact brand/variety, grade and pack weight/volume/count","","0","","2026-10-08"
"1154","Art Gallery","Sculpture","goods","variant_and_source_pending","Exact brand/variety, grade and pack weight/volume/count","","0","","2026-10-08"
"1155","Art Gallery","Frame","goods","variant_and_source_pending","Exact brand/variety, grade and pack weight/volume/count","","0","","2026-10-08"
"1156","Art & Craft Shop","Drawing Paper","goods","variant_and_source_pending","Exact brand/variety, grade and pack weight/volume/count","","0","","2026-10-08"
"1157","Art & Craft Shop","Acrylic Colour","goods","variant_and_source_pending","Exact brand/variety, grade and pack weight/volume/count","","0","","2026-10-08"
"1158","Art & Craft Shop","Water Colour","goods","variant_and_source_pending","Exact brand/variety, grade and pack weight/volume/count","","0","","2026-10-08"
"1159","Art & Craft Shop","Brush Set","service","service_quote_required","Work scope, area, date/time and provider quote","","0","","2026-10-08"
"1160","Art & Craft Shop","Craft Paper","service","service_quote_required","Work scope, area, date/time and provider quote","","0","","2026-10-08"
"1161","Gaming Store","Gaming Console","goods","variant_and_source_pending","Exact brand/variety, grade and pack weight/volume/count","","0","","2026-10-08"
"1162","Gaming Store","Gaming Controller","goods","variant_and_source_pending","Exact brand/variety, grade and pack weight/volume/count","","0","","2026-10-08"
"1163","Gaming Store","Gaming Headset","goods","variant_and_source_pending","Exact brand/variety, grade and pack weight/volume/count","","0","","2026-10-08"
"1164","Gaming Store","Gaming Keyboard","goods","variant_and_source_pending","Exact brand/variety, grade and pack weight/volume/count","","0","","2026-10-08"
"1165","Gaming Store","Gaming Mouse","goods","variant_and_source_pending","Exact brand/variety, grade and pack weight/volume/count","","0","","2026-10-08"
"1166","Video Game Shop","Console Game","goods","variant_and_source_pending","Exact brand/variety, grade and pack weight/volume/count","","0","","2026-10-08"
"1167","Video Game Shop","PC Game","goods","variant_and_source_pending","Exact brand/variety, grade and pack weight/volume/count","","0","","2026-10-08"
"1168","Video Game Shop","Game Disc","goods","variant_and_source_pending","Exact brand/variety, grade and pack weight/volume/count","","0","","2026-10-08"
"1169","Video Game Shop","Game Controller","service","service_quote_required","Work scope, area, date/time and provider quote","","0","","2026-10-08"
"1170","Video Game Shop","Gaming Accessories","service","service_quote_required","Work scope, area, date/time and provider quote","","0","","2026-10-08"
"1171","Camera Shop","DSLR Camera","goods","variant_and_source_pending","Exact brand/variety, grade and pack weight/volume/count","","0","","2026-10-08"
"1172","Camera Shop","Mirrorless Camera","goods","variant_and_source_pending","Exact brand/variety, grade and pack weight/volume/count","","0","","2026-10-08"
"1173","Camera Shop","Lens","goods","variant_and_source_pending","Exact brand/variety, grade and pack weight/volume/count","","0","","2026-10-08"
"1174","Camera Shop","Tripod","service","service_quote_required","Work scope, area, date/time and provider quote","","0","","2026-10-08"
"1175","Camera Shop","Camera Bag","service","service_quote_required","Work scope, area, date/time and provider quote","","0","","2026-10-08"
"1176","Photography Equipment Shop","Studio Light","goods","variant_and_source_pending","Exact brand/variety, grade and pack weight/volume/count","","0","","2026-10-08"
"1177","Photography Equipment Shop","Tripod","goods","variant_and_source_pending","Exact brand/variety, grade and pack weight/volume/count","","0","","2026-10-08"
"1178","Photography Equipment Shop","Softbox","goods","variant_and_source_pending","Exact brand/variety, grade and pack weight/volume/count","","0","","2026-10-08"
"1179","Photography Equipment Shop","Backdrop","service","service_quote_required","Work scope, area, date/time and provider quote","","0","","2026-10-08"
"1180","Photography Equipment Shop","Microphone","service","service_quote_required","Work scope, area, date/time and provider quote","","0","","2026-10-08"
"1181","Fitness / Gym Equipment Shop","Dumbbell","goods","variant_and_source_pending","Exact brand/variety, grade and pack weight/volume/count","","0","","2026-10-08"
"1182","Fitness / Gym Equipment Shop","Barbell","goods","variant_and_source_pending","Exact brand/variety, grade and pack weight/volume/count","","0","","2026-10-08"
"1183","Fitness / Gym Equipment Shop","Weight Plate","goods","variant_and_source_pending","Exact brand/variety, grade and pack weight/volume/count","","0","","2026-10-08"
"1184","Fitness / Gym Equipment Shop","Treadmill","service","service_quote_required","Work scope, area, date/time and provider quote","","0","","2026-10-08"
"1185","Fitness / Gym Equipment Shop","Exercise Bike","service","service_quote_required","Work scope, area, date/time and provider quote","","0","","2026-10-08"
"1186","Beauty Equipment Supply Shop","Facial Machine","goods","variant_and_source_pending","Exact brand/variety, grade and pack weight/volume/count","","0","","2026-10-08"
"1187","Beauty Equipment Supply Shop","Hair Dryer","goods","variant_and_source_pending","Exact brand/variety, grade and pack weight/volume/count","","0","","2026-10-08"
"1188","Beauty Equipment Supply Shop","Hair Steamer","goods","variant_and_source_pending","Exact brand/variety, grade and pack weight/volume/count","","0","","2026-10-08"
"1189","Beauty Equipment Supply Shop","Beauty Chair","service","service_quote_required","Work scope, area, date/time and provider quote","","0","","2026-10-08"
"1190","Beauty Equipment Supply Shop","Salon Mirror","service","service_quote_required","Work scope, area, date/time and provider quote","","0","","2026-10-08"
"1191","Salon Supply Shop","Hair Scissors","goods","variant_and_source_pending","Exact brand/variety, grade and pack weight/volume/count","","0","","2026-10-08"
"1192","Salon Supply Shop","Comb Set","goods","variant_and_source_pending","Exact brand/variety, grade and pack weight/volume/count","","0","","2026-10-08"
"1193","Salon Supply Shop","Hair Dryer","goods","variant_and_source_pending","Exact brand/variety, grade and pack weight/volume/count","","0","","2026-10-08"
"1194","Salon Supply Shop","Shaving Kit","service","service_quote_required","Work scope, area, date/time and provider quote","","0","","2026-10-08"
"1195","Salon Supply Shop","Salon Cape","service","service_quote_required","Work scope, area, date/time and provider quote","","0","","2026-10-08"
"1196","Ladies Boutique","Designer Kurti","goods","variant_and_source_pending","Exact brand/variety, grade and pack weight/volume/count","","0","","2026-10-08"
"1197","Ladies Boutique","Designer Suit","goods","variant_and_source_pending","Exact brand/variety, grade and pack weight/volume/count","","0","","2026-10-08"
"1198","Ladies Boutique","Saree","goods","variant_and_source_pending","Exact brand/variety, grade and pack weight/volume/count","","0","","2026-10-08"
"1199","Ladies Boutique","Blouse","goods","variant_and_source_pending","Exact brand/variety, grade and pack weight/volume/count","","0","","2026-10-08"
"1200","Ladies Boutique","Dupatta","goods","variant_and_source_pending","Exact brand/variety, grade and pack weight/volume/count","","0","","2026-10-08"
"1201","Men's Fashion Store","Shirt","goods","variant_and_source_pending","Exact brand/variety, grade and pack weight/volume/count","","0","","2026-10-08"
"1202","Men's Fashion Store","T-Shirt","goods","variant_and_source_pending","Exact brand/variety, grade and pack weight/volume/count","","0","","2026-10-08"
"1203","Men's Fashion Store","Jeans","goods","variant_and_source_pending","Exact brand/variety, grade and pack weight/volume/count","","0","","2026-10-08"
"1204","Men's Fashion Store","Blazer","goods","variant_and_source_pending","Exact brand/variety, grade and pack weight/volume/count","","0","","2026-10-08"
"1205","Men's Fashion Store","Kurta","goods","variant_and_source_pending","Exact brand/variety, grade and pack weight/volume/count","","0","","2026-10-08"
"1206","Kids Fashion Store","Frock","goods","variant_and_source_pending","Exact brand/variety, grade and pack weight/volume/count","","0","","2026-10-08"
"1207","Kids Fashion Store","Kids T-Shirt","goods","variant_and_source_pending","Exact brand/variety, grade and pack weight/volume/count","","0","","2026-10-08"
"1208","Kids Fashion Store","Kids Jeans","goods","variant_and_source_pending","Exact brand/variety, grade and pack weight/volume/count","","0","","2026-10-08"
"1209","Kids Fashion Store","Party Dress","goods","variant_and_source_pending","Exact brand/variety, grade and pack weight/volume/count","","0","","2026-10-08"
"1210","Kids Fashion Store","School Dress","goods","variant_and_source_pending","Exact brand/variety, grade and pack weight/volume/count","","0","","2026-10-08"
"1211","Bridal Store","Bridal Lehenga","goods","variant_and_source_pending","Exact brand/variety, grade and pack weight/volume/count","","0","","2026-10-08"
"1212","Bridal Store","Bridal Saree","goods","variant_and_source_pending","Exact brand/variety, grade and pack weight/volume/count","","0","","2026-10-08"
"1213","Bridal Store","Bridal Jewellery","goods","variant_and_source_pending","Exact brand/variety, grade and pack weight/volume/count","","0","","2026-10-08"
"1214","Bridal Store","Veil","goods","variant_and_source_pending","Exact brand/variety, grade and pack weight/volume/count","","0","","2026-10-08"
"1215","Bridal Store","Bridal Footwear","goods","variant_and_source_pending","Exact brand/variety, grade and pack weight/volume/count","","0","","2026-10-08"
"1216","Maternity Store","Maternity Dress","goods","variant_and_source_pending","Exact brand/variety, grade and pack weight/volume/count","","0","","2026-10-08"
"1217","Maternity Store","Nursing Bra","goods","variant_and_source_pending","Exact brand/variety, grade and pack weight/volume/count","","0","","2026-10-08"
"1218","Maternity Store","Maternity Leggings","goods","variant_and_source_pending","Exact brand/variety, grade and pack weight/volume/count","","0","","2026-10-08"
"1219","Maternity Store","Baby Feeding Pillow","goods","variant_and_source_pending","Exact brand/variety, grade and pack weight/volume/count","","0","","2026-10-08"
"1220","Maternity Store","Maternity Belt","goods","variant_and_source_pending","Exact brand/variety, grade and pack weight/volume/count","","0","","2026-10-08"
"1221","Second-hand Goods Store","Used Mobile","goods","variant_and_source_pending","Exact brand/variety, grade and pack weight/volume/count","","0","","2026-10-08"
"1222","Second-hand Goods Store","Used Laptop","goods","variant_and_source_pending","Exact brand/variety, grade and pack weight/volume/count","","0","","2026-10-08"
"1223","Second-hand Goods Store","Used Furniture","goods","variant_and_source_pending","Exact brand/variety, grade and pack weight/volume/count","","0","","2026-10-08"
"1224","Second-hand Goods Store","Used Appliance","goods","variant_and_source_pending","Exact brand/variety, grade and pack weight/volume/count","","0","","2026-10-08"
"1225","Second-hand Goods Store","Used Bicycle","goods","variant_and_source_pending","Exact brand/variety, grade and pack weight/volume/count","","0","","2026-10-08"
"1226","Thrift Store","Pre-owned Clothes","goods","variant_and_source_pending","Exact brand/variety, grade and pack weight/volume/count","","0","","2026-10-08"
"1227","Thrift Store","Pre-owned Shoes","goods","variant_and_source_pending","Exact brand/variety, grade and pack weight/volume/count","","0","","2026-10-08"
"1228","Thrift Store","Pre-owned Bags","goods","variant_and_source_pending","Exact brand/variety, grade and pack weight/volume/count","","0","","2026-10-08"
"1229","Thrift Store","Accessories","goods","variant_and_source_pending","Exact brand/variety, grade and pack weight/volume/count","","0","","2026-10-08"
"1230","Thrift Store","Home Items","goods","variant_and_source_pending","Exact brand/variety, grade and pack weight/volume/count","","0","","2026-10-08"
"1231","Used Furniture Store","Used Sofa","goods","variant_and_source_pending","Exact brand/variety, grade and pack weight/volume/count","","0","","2026-10-08"
"1232","Used Furniture Store","Used Bed","goods","variant_and_source_pending","Exact brand/variety, grade and pack weight/volume/count","","0","","2026-10-08"
"1233","Used Furniture Store","Used Table","goods","variant_and_source_pending","Exact brand/variety, grade and pack weight/volume/count","","0","","2026-10-08"
"1234","Used Furniture Store","Used Chair","goods","variant_and_source_pending","Exact brand/variety, grade and pack weight/volume/count","","0","","2026-10-08"
"1235","Used Furniture Store","Used Wardrobe","goods","variant_and_source_pending","Exact brand/variety, grade and pack weight/volume/count","","0","","2026-10-08"
"1236","Used Electronics Store","Used TV","goods","variant_and_source_pending","Brand, exact model, specification and pack","","0","","2026-10-08"
"1237","Used Electronics Store","Used Refrigerator","goods","variant_and_source_pending","Brand, exact model, specification and pack","","0","","2026-10-08"
"1238","Used Electronics Store","Used Washing Machine","goods","variant_and_source_pending","Brand, exact model, specification and pack","","0","","2026-10-08"
"1239","Used Electronics Store","Used Laptop","goods","variant_and_source_pending","Brand, exact model, specification and pack","","0","","2026-10-08"
"1240","Used Electronics Store","Used Speaker","goods","variant_and_source_pending","Brand, exact model, specification and pack","","0","","2026-10-08"
"1241","Recycling Store","Paper Recycling","goods","variant_and_source_pending","Exact brand/variety, grade and pack weight/volume/count","","0","","2026-10-08"
"1242","Recycling Store","Plastic Recycling","goods","variant_and_source_pending","Exact brand/variety, grade and pack weight/volume/count","","0","","2026-10-08"
"1243","Recycling Store","Metal Recycling","goods","variant_and_source_pending","Exact brand/variety, grade and pack weight/volume/count","","0","","2026-10-08"
"1244","Recycling Store","E-Waste Recycling","goods","variant_and_source_pending","Exact brand/variety, grade and pack weight/volume/count","","0","","2026-10-08"
"1245","Recycling Store","Glass Recycling","goods","variant_and_source_pending","Exact brand/variety, grade and pack weight/volume/count","","0","","2026-10-08"
"1246","Veterinary Medicine Store","Pet Medicine","goods","variant_and_source_pending","Exact brand/variety, grade and pack weight/volume/count","","0","","2026-10-08"
"1247","Veterinary Medicine Store","Animal Vitamins","goods","variant_and_source_pending","Exact brand/variety, grade and pack weight/volume/count","","0","","2026-10-08"
"1248","Veterinary Medicine Store","Deworming Product","goods","variant_and_source_pending","Exact brand/variety, grade and pack weight/volume/count","","0","","2026-10-08"
"1249","Veterinary Medicine Store","Pet First Aid","goods","variant_and_source_pending","Exact brand/variety, grade and pack weight/volume/count","","0","","2026-10-08"
"1250","Veterinary Medicine Store","Animal Care Product","goods","variant_and_source_pending","Exact brand/variety, grade and pack weight/volume/count","","0","","2026-10-08"
"1251","Industrial Safety Store","Safety Helmet","goods","variant_and_source_pending","Exact brand/variety, grade and pack weight/volume/count","","0","","2026-10-08"
"1252","Industrial Safety Store","Safety Shoe","goods","variant_and_source_pending","Exact brand/variety, grade and pack weight/volume/count","","0","","2026-10-08"
"1253","Industrial Safety Store","Safety Harness","goods","variant_and_source_pending","Exact brand/variety, grade and pack weight/volume/count","","0","","2026-10-08"
"1254","Industrial Safety Store","Safety Goggles","goods","variant_and_source_pending","Exact brand/variety, grade and pack weight/volume/count","","0","","2026-10-08"
"1255","Industrial Safety Store","Safety Gloves","goods","variant_and_source_pending","Exact brand/variety, grade and pack weight/volume/count","","0","","2026-10-08"
"1256","Equipment Rental","Drill Machine Rental","goods","variant_and_source_pending","Exact brand/variety, grade and pack weight/volume/count","","0","","2026-10-08"
"1257","Equipment Rental","Generator Rental","goods","variant_and_source_pending","Exact brand/variety, grade and pack weight/volume/count","","0","","2026-10-08"
"1258","Equipment Rental","Projector Rental","goods","variant_and_source_pending","Exact brand/variety, grade and pack weight/volume/count","","0","","2026-10-08"
"1259","Equipment Rental","Ladder Rental","goods","variant_and_source_pending","Exact brand/variety, grade and pack weight/volume/count","","0","","2026-10-08"
"1260","Equipment Rental","Cleaning Machine Rental","goods","variant_and_source_pending","Exact brand/variety, grade and pack weight/volume/count","","0","","2026-10-08"
"1261","Construction Tool Rental","Drill Machine","goods","variant_and_source_pending","Exact brand/variety, grade and pack weight/volume/count","","0","","2026-10-08"
"1262","Construction Tool Rental","Concrete Mixer","goods","variant_and_source_pending","Exact brand/variety, grade and pack weight/volume/count","","0","","2026-10-08"
"1263","Construction Tool Rental","Cutting Machine","goods","variant_and_source_pending","Exact brand/variety, grade and pack weight/volume/count","","0","","2026-10-08"
"1264","Construction Tool Rental","Scaffolding","goods","variant_and_source_pending","Exact brand/variety, grade and pack weight/volume/count","","0","","2026-10-08"
"1265","Construction Tool Rental","Ladder","goods","variant_and_source_pending","Exact brand/variety, grade and pack weight/volume/count","","0","","2026-10-08"
"1266","Car Rental","Hatchback Car","goods","variant_and_source_pending","Exact brand/variety, grade and pack weight/volume/count","","0","","2026-10-08"
"1267","Car Rental","Sedan Car","goods","variant_and_source_pending","Exact brand/variety, grade and pack weight/volume/count","","0","","2026-10-08"
"1268","Car Rental","SUV","goods","variant_and_source_pending","Exact brand/variety, grade and pack weight/volume/count","","0","","2026-10-08"
"1269","Car Rental","Luxury Car","goods","variant_and_source_pending","Exact brand/variety, grade and pack weight/volume/count","","0","","2026-10-08"
"1270","Car Rental","Self Drive Car","goods","variant_and_source_pending","Exact brand/variety, grade and pack weight/volume/count","","0","","2026-10-08"
"1271","Bike Rental","Scooter","goods","variant_and_source_pending","Exact brand/variety, grade and pack weight/volume/count","","0","","2026-10-08"
"1272","Bike Rental","Motorcycle","goods","variant_and_source_pending","Exact brand/variety, grade and pack weight/volume/count","","0","","2026-10-08"
"1273","Bike Rental","Electric Scooter","goods","variant_and_source_pending","Exact brand/variety, grade and pack weight/volume/count","","0","","2026-10-08"
"1274","Bike Rental","Electric Bike","goods","variant_and_source_pending","Exact brand/variety, grade and pack weight/volume/count","","0","","2026-10-08"
"1275","Bike Rental","Helmet Rental","goods","variant_and_source_pending","Exact brand/variety, grade and pack weight/volume/count","","0","","2026-10-08"
"1276","Office Space Rental","Office Cabin","service","service_quote_required","Work scope, area, date/time and provider quote","","0","","2026-10-08"
"1277","Office Space Rental","Desk","service","service_quote_required","Work scope, area, date/time and provider quote","","0","","2026-10-08"
"1278","Office Space Rental","Meeting Room","service","service_quote_required","Work scope, area, date/time and provider quote","","0","","2026-10-08"
"1279","Office Space Rental","Conference Room","service","service_quote_required","Work scope, area, date/time and provider quote","","0","","2026-10-08"
"1280","Office Space Rental","Coworking Seat","service","service_quote_required","Work scope, area, date/time and provider quote","","0","","2026-10-08"
"1281","Furniture Rental","Sofa Rental","goods","variant_and_source_pending","Exact brand/variety, grade and pack weight/volume/count","","0","","2026-10-08"
"1282","Furniture Rental","Bed Rental","goods","variant_and_source_pending","Exact brand/variety, grade and pack weight/volume/count","","0","","2026-10-08"
"1283","Furniture Rental","Table Rental","goods","variant_and_source_pending","Exact brand/variety, grade and pack weight/volume/count","","0","","2026-10-08"
"1284","Furniture Rental","Chair Rental","goods","variant_and_source_pending","Exact brand/variety, grade and pack weight/volume/count","","0","","2026-10-08"
"1285","Furniture Rental","Office Furniture Rental","goods","variant_and_source_pending","Exact brand/variety, grade and pack weight/volume/count","","0","","2026-10-08"
"1286","Tent House","Tent","goods","variant_and_source_pending","Exact brand/variety, grade and pack weight/volume/count","","0","","2026-10-08"
"1287","Tent House","Chair","goods","variant_and_source_pending","Exact brand/variety, grade and pack weight/volume/count","","0","","2026-10-08"
"1288","Tent House","Table","goods","variant_and_source_pending","Exact brand/variety, grade and pack weight/volume/count","","0","","2026-10-08"
"1289","Tent House","Shamiana","goods","variant_and_source_pending","Exact brand/variety, grade and pack weight/volume/count","","0","","2026-10-08"
"1290","Tent House","Lighting","goods","variant_and_source_pending","Exact brand/variety, grade and pack weight/volume/count","","0","","2026-10-08"
"1291","Catering Service","Veg Catering","service","service_quote_required","Work scope, area, date/time and provider quote","","0","","2026-10-08"
"1292","Catering Service","Non-Veg Catering","service","service_quote_required","Work scope, area, date/time and provider quote","","0","","2026-10-08"
"1293","Catering Service","Snacks Catering","service","service_quote_required","Work scope, area, date/time and provider quote","","0","","2026-10-08"
"1294","Catering Service","Buffet","service","service_quote_required","Work scope, area, date/time and provider quote","","0","","2026-10-08"
"1295","Catering Service","Tea Service","service","service_quote_required","Work scope, area, date/time and provider quote","","0","","2026-10-08"
"1296","Banking / Financial Service","Account Service","service","service_quote_required","Work scope, area, date/time and provider quote","","0","","2026-10-08"
"1297","Banking / Financial Service","Cash Deposit","service","service_quote_required","Work scope, area, date/time and provider quote","","0","","2026-10-08"
"1298","Banking / Financial Service","Cash Withdrawal","service","service_quote_required","Work scope, area, date/time and provider quote","","0","","2026-10-08"
"1299","Banking / Financial Service","Loan Service","service","service_quote_required","Work scope, area, date/time and provider quote","","0","","2026-10-08"
"1300","Banking / Financial Service","Banking Assistance","service","service_quote_required","Work scope, area, date/time and provider quote","","0","","2026-10-08"
"1301","Property Rental Office","House Rental","service","service_quote_required","Work scope, area, date/time and provider quote","","0","","2026-10-08"
"1302","Property Rental Office","Flat Rental","service","service_quote_required","Work scope, area, date/time and provider quote","","0","","2026-10-08"
"1303","Property Rental Office","Shop Rental","service","service_quote_required","Work scope, area, date/time and provider quote","","0","","2026-10-08"
"1304","Property Rental Office","Office Rental","service","service_quote_required","Work scope, area, date/time and provider quote","","0","","2026-10-08"
"1305","Property Rental Office","Warehouse Rental","service","service_quote_required","Work scope, area, date/time and provider quote","","0","","2026-10-08"
"1306","Wedding Photography Service","Wedding Photography","service","service_quote_required","Work scope, area, date/time and provider quote","","0","","2026-10-08"
"1307","Wedding Photography Service","Pre-Wedding Shoot","service","service_quote_required","Work scope, area, date/time and provider quote","","0","","2026-10-08"
"1308","Wedding Photography Service","Video Shoot","service","service_quote_required","Work scope, area, date/time and provider quote","","0","","2026-10-08"
"1309","Wedding Photography Service","Album","service","service_quote_required","Work scope, area, date/time and provider quote","","0","","2026-10-08"
"1310","Wedding Photography Service","Drone Photography","service","service_quote_required","Work scope, area, date/time and provider quote","","0","","2026-10-08"
"1311","Decoration Service","Wedding Decoration","service","service_quote_required","Work scope, area, date/time and provider quote","","0","","2026-10-08"
"1312","Decoration Service","Birthday Decoration","service","service_quote_required","Work scope, area, date/time and provider quote","","0","","2026-10-08"
"1313","Decoration Service","Flower Decoration","service","service_quote_required","Work scope, area, date/time and provider quote","","0","","2026-10-08"
"1314","Decoration Service","Stage Decoration","service","service_quote_required","Work scope, area, date/time and provider quote","","0","","2026-10-08"
"1315","Decoration Service","Lighting","service","service_quote_required","Work scope, area, date/time and provider quote","","0","","2026-10-08"
"1316","Car Wash","Car Wash","goods","variant_and_source_pending","Exact brand/variety, grade and pack weight/volume/count","","0","","2026-10-08"
"1317","Car Wash","Interior Cleaning","goods","variant_and_source_pending","Exact brand/variety, grade and pack weight/volume/count","","0","","2026-10-08"
"1318","Car Wash","Foam Wash","goods","variant_and_source_pending","Exact brand/variety, grade and pack weight/volume/count","","0","","2026-10-08"
"1319","Car Wash","Vacuum Cleaning","goods","variant_and_source_pending","Exact brand/variety, grade and pack weight/volume/count","","0","","2026-10-08"
"1320","Car Wash","Polishing","goods","variant_and_source_pending","Exact brand/variety, grade and pack weight/volume/count","","0","","2026-10-08"
"1321","Car Detailing","Interior Detailing","goods","variant_and_source_pending","Exact brand/variety, grade and pack weight/volume/count","","0","","2026-10-08"
"1322","Car Detailing","Exterior Detailing","goods","variant_and_source_pending","Exact brand/variety, grade and pack weight/volume/count","","0","","2026-10-08"
"1323","Car Detailing","Ceramic Coating","goods","variant_and_source_pending","Exact brand/variety, grade and pack weight/volume/count","","0","","2026-10-08"
"1324","Car Detailing","Paint Correction","goods","variant_and_source_pending","Exact brand/variety, grade and pack weight/volume/count","","0","","2026-10-08"
"1325","Car Detailing","Polishing","goods","variant_and_source_pending","Exact brand/variety, grade and pack weight/volume/count","","0","","2026-10-08"
"1326","Bike Service Centre","Bike Service","service","service_quote_required","Work scope, area, date/time and provider quote","","0","","2026-10-08"
"1327","Bike Service Centre","Engine Oil Change","service","service_quote_required","Work scope, area, date/time and provider quote","","0","","2026-10-08"
"1328","Bike Service Centre","Brake Service","service","service_quote_required","Work scope, area, date/time and provider quote","","0","","2026-10-08"
"1329","Bike Service Centre","Chain Service","service","service_quote_required","Work scope, area, date/time and provider quote","","0","","2026-10-08"
"1330","Bike Service Centre","Tyre Service","service","service_quote_required","Work scope, area, date/time and provider quote","","0","","2026-10-08"
"1331","Printer Repair Shop","Printer Service","goods","variant_and_source_pending","Exact brand/variety, grade and pack weight/volume/count","","0","","2026-10-08"
"1332","Printer Repair Shop","Cartridge Refill","goods","variant_and_source_pending","Exact brand/variety, grade and pack weight/volume/count","","0","","2026-10-08"
"1333","Printer Repair Shop","Print Head Repair","goods","variant_and_source_pending","Exact brand/variety, grade and pack weight/volume/count","","0","","2026-10-08"
"1334","Printer Repair Shop","Scanner Repair","service","service_quote_required","Work scope, area, date/time and provider quote","","0","","2026-10-08"
"1335","Printer Repair Shop","Printer Setup","service","service_quote_required","Work scope, area, date/time and provider quote","","0","","2026-10-08"
"1336","Water Purifier Service","Filter Replacement","service","service_quote_required","Work scope, area, date/time and provider quote","","0","","2026-10-08"
"1337","Water Purifier Service","Membrane Replacement","service","service_quote_required","Work scope, area, date/time and provider quote","","0","","2026-10-08"
"1338","Water Purifier Service","RO Cleaning","service","service_quote_required","Work scope, area, date/time and provider quote","","0","","2026-10-08"
"1339","Water Purifier Service","TDS Check","service","service_quote_required","Work scope, area, date/time and provider quote","","0","","2026-10-08"
"1340","Water Purifier Service","Installation","service","service_quote_required","Work scope, area, date/time and provider quote","","0","","2026-10-08"
"1341","AC Service Centre","AC Service","service","service_quote_required","Work scope, area, date/time and provider quote","","0","","2026-10-08"
"1342","AC Service Centre","AC Gas Charging","service","service_quote_required","Work scope, area, date/time and provider quote","","0","","2026-10-08"
"1343","AC Service Centre","AC Repair","service","service_quote_required","Work scope, area, date/time and provider quote","","0","","2026-10-08"
"1344","AC Service Centre","AC Installation","service","service_quote_required","Work scope, area, date/time and provider quote","","0","","2026-10-08"
"1345","AC Service Centre","AC Cleaning","service","service_quote_required","Work scope, area, date/time and provider quote","","0","","2026-10-08"
"1346","Refrigerator Repair Shop","Fridge Repair","goods","variant_and_source_pending","Exact brand/variety, grade and pack weight/volume/count","","0","","2026-10-08"
"1347","Refrigerator Repair Shop","Compressor Repair","goods","variant_and_source_pending","Exact brand/variety, grade and pack weight/volume/count","","0","","2026-10-08"
"1348","Refrigerator Repair Shop","Gas Charging","goods","variant_and_source_pending","Exact brand/variety, grade and pack weight/volume/count","","0","","2026-10-08"
"1349","Refrigerator Repair Shop","Thermostat Repair","service","service_quote_required","Work scope, area, date/time and provider quote","","0","","2026-10-08"
"1350","Refrigerator Repair Shop","Door Seal Replacement","service","service_quote_required","Work scope, area, date/time and provider quote","","0","","2026-10-08"
"1351","Washing Machine Repair Shop","Washing Machine Service","goods","variant_and_source_pending","Exact brand/variety, grade and pack weight/volume/count","","0","","2026-10-08"
"1352","Washing Machine Repair Shop","Motor Repair","goods","variant_and_source_pending","Exact brand/variety, grade and pack weight/volume/count","","0","","2026-10-08"
"1353","Washing Machine Repair Shop","Drain Pump Repair","goods","variant_and_source_pending","Exact brand/variety, grade and pack weight/volume/count","","0","","2026-10-08"
"1354","Washing Machine Repair Shop","PCB Repair","service","service_quote_required","Work scope, area, date/time and provider quote","","0","","2026-10-08"
"1355","Washing Machine Repair Shop","Installation","service","service_quote_required","Work scope, area, date/time and provider quote","","0","","2026-10-08"
"1356","Shoe Repair Shop","Shoe Repair","goods","variant_and_source_pending","Exact brand/variety, grade and pack weight/volume/count","","0","","2026-10-08"
"1357","Shoe Repair Shop","Sole Replacement","goods","variant_and_source_pending","Exact brand/variety, grade and pack weight/volume/count","","0","","2026-10-08"
"1358","Shoe Repair Shop","Heel Repair","goods","variant_and_source_pending","Exact brand/variety, grade and pack weight/volume/count","","0","","2026-10-08"
"1359","Shoe Repair Shop","Polish","service","service_quote_required","Work scope, area, date/time and provider quote","","0","","2026-10-08"
"1360","Shoe Repair Shop","Stitching","service","service_quote_required","Work scope, area, date/time and provider quote","","0","","2026-10-08"
"1361","Key Maker / Locksmith","Duplicate Key","goods","variant_and_source_pending","Exact brand/variety, grade and pack weight/volume/count","","0","","2026-10-08"
"1362","Key Maker / Locksmith","Door Lock Repair","goods","variant_and_source_pending","Exact brand/variety, grade and pack weight/volume/count","","0","","2026-10-08"
"1363","Key Maker / Locksmith","Padlock Key","goods","variant_and_source_pending","Exact brand/variety, grade and pack weight/volume/count","","0","","2026-10-08"
"1364","Key Maker / Locksmith","Digital Lock Service","goods","variant_and_source_pending","Exact brand/variety, grade and pack weight/volume/count","","0","","2026-10-08"
"1365","Key Maker / Locksmith","Car Key","goods","variant_and_source_pending","Exact brand/variety, grade and pack weight/volume/count","","0","","2026-10-08"
"1366","Watch Repair Shop","Battery Replacement","goods","variant_and_source_pending","Exact brand/variety, grade and pack weight/volume/count","","0","","2026-10-08"
"1367","Watch Repair Shop","Strap Replacement","goods","variant_and_source_pending","Exact brand/variety, grade and pack weight/volume/count","","0","","2026-10-08"
"1368","Watch Repair Shop","Glass Replacement","goods","variant_and_source_pending","Exact brand/variety, grade and pack weight/volume/count","","0","","2026-10-08"
"1369","Watch Repair Shop","Machine Repair","service","service_quote_required","Work scope, area, date/time and provider quote","","0","","2026-10-08"
"1370","Watch Repair Shop","Cleaning","service","service_quote_required","Work scope, area, date/time and provider quote","","0","","2026-10-08"
"1371","Bag Repair Shop","Zip Repair","goods","variant_and_source_pending","Exact brand/variety, grade and pack weight/volume/count","","0","","2026-10-08"
"1372","Bag Repair Shop","Handle Repair","goods","variant_and_source_pending","Exact brand/variety, grade and pack weight/volume/count","","0","","2026-10-08"
"1373","Bag Repair Shop","Stitching","goods","variant_and_source_pending","Exact brand/variety, grade and pack weight/volume/count","","0","","2026-10-08"
"1374","Bag Repair Shop","Lining Repair","service","service_quote_required","Work scope, area, date/time and provider quote","","0","","2026-10-08"
"1375","Bag Repair Shop","Leather Repair","service","service_quote_required","Work scope, area, date/time and provider quote","","0","","2026-10-08"
"1376","Tailoring Shop","Shirt Stitching","goods","variant_and_source_pending","Exact brand/variety, grade and pack weight/volume/count","","0","","2026-10-08"
"1377","Tailoring Shop","Pant Stitching","goods","variant_and_source_pending","Exact brand/variety, grade and pack weight/volume/count","","0","","2026-10-08"
"1378","Tailoring Shop","Blouse Stitching","goods","variant_and_source_pending","Exact brand/variety, grade and pack weight/volume/count","","0","","2026-10-08"
"1379","Tailoring Shop","Suit Stitching","service","service_quote_required","Work scope, area, date/time and provider quote","","0","","2026-10-08"
"1380","Tailoring Shop","Alteration","service","service_quote_required","Work scope, area, date/time and provider quote","","0","","2026-10-08"
"1381","Embroidery Shop","Computer Embroidery","goods","variant_and_source_pending","Exact brand/variety, grade and pack weight/volume/count","","0","","2026-10-08"
"1382","Embroidery Shop","Hand Embroidery","goods","variant_and_source_pending","Exact brand/variety, grade and pack weight/volume/count","","0","","2026-10-08"
"1383","Embroidery Shop","Blouse Embroidery","goods","variant_and_source_pending","Exact brand/variety, grade and pack weight/volume/count","","0","","2026-10-08"
"1384","Embroidery Shop","Logo Embroidery","service","service_quote_required","Work scope, area, date/time and provider quote","","0","","2026-10-08"
"1385","Embroidery Shop","Dress Embroidery","service","service_quote_required","Work scope, area, date/time and provider quote","","0","","2026-10-08"
"1386","Florist","Bouquet","goods","variant_and_source_pending","Exact brand/variety, grade and pack weight/volume/count","","0","","2026-10-08"
"1387","Florist","Flower Garland","goods","variant_and_source_pending","Exact brand/variety, grade and pack weight/volume/count","","0","","2026-10-08"
"1388","Florist","Rose","goods","variant_and_source_pending","Exact brand/variety, grade and pack weight/volume/count","","0","","2026-10-08"
"1389","Florist","Marigold","goods","variant_and_source_pending","Exact brand/variety, grade and pack weight/volume/count","","0","","2026-10-08"
"1390","Florist","Wedding Flowers","goods","variant_and_source_pending","Exact brand/variety, grade and pack weight/volume/count","","0","","2026-10-08"
"1391","Bakery Supply Shop","Cake Base","goods","variant_and_source_pending","Exact brand/variety, grade and pack weight/volume/count","","0","","2026-10-08"
"1392","Bakery Supply Shop","Cake Cream","goods","variant_and_source_pending","Exact brand/variety, grade and pack weight/volume/count","","0","","2026-10-08"
"1393","Bakery Supply Shop","Cake Box","goods","variant_and_source_pending","Exact brand/variety, grade and pack weight/volume/count","","0","","2026-10-08"
"1394","Bakery Supply Shop","Baking Flour","service","service_quote_required","Work scope, area, date/time and provider quote","","0","","2026-10-08"
"1395","Bakery Supply Shop","Cake Decoration","service","service_quote_required","Work scope, area, date/time and provider quote","","0","","2026-10-08"
"1396","Restaurant Supply Shop","Disposable Plate","goods","variant_and_source_pending","Exact brand/variety, grade and pack weight/volume/count","","0","","2026-10-08"
"1397","Restaurant Supply Shop","Food Container","goods","variant_and_source_pending","Exact brand/variety, grade and pack weight/volume/count","","0","","2026-10-08"
"1398","Restaurant Supply Shop","Napkin","goods","variant_and_source_pending","Exact brand/variety, grade and pack weight/volume/count","","0","","2026-10-08"
"1399","Restaurant Supply Shop","Takeaway Bag","service","service_quote_required","Work scope, area, date/time and provider quote","","0","","2026-10-08"
"1400","Restaurant Supply Shop","Kitchen Ingredient","service","service_quote_required","Work scope, area, date/time and provider quote","","0","","2026-10-08"
"1401","Hotel Supply Shop","Hotel Linen","goods","variant_and_source_pending","Exact brand/variety, grade and pack weight/volume/count","","0","","2026-10-08"
"1402","Hotel Supply Shop","Towel","goods","variant_and_source_pending","Exact brand/variety, grade and pack weight/volume/count","","0","","2026-10-08"
"1403","Hotel Supply Shop","Bedsheet","goods","variant_and_source_pending","Exact brand/variety, grade and pack weight/volume/count","","0","","2026-10-08"
"1404","Hotel Supply Shop","Toiletries","service","service_quote_required","Work scope, area, date/time and provider quote","","0","","2026-10-08"
"1405","Hotel Supply Shop","Room Amenity Kit","service","service_quote_required","Work scope, area, date/time and provider quote","","0","","2026-10-08"
"1406","Restaurant Equipment Shop","Commercial Burner","goods","variant_and_source_pending","Exact brand/variety, grade and pack weight/volume/count","","0","","2026-10-08"
"1407","Restaurant Equipment Shop","Cooking Range","goods","variant_and_source_pending","Exact brand/variety, grade and pack weight/volume/count","","0","","2026-10-08"
"1408","Restaurant Equipment Shop","Deep Fryer","goods","variant_and_source_pending","Exact brand/variety, grade and pack weight/volume/count","","0","","2026-10-08"
"1409","Restaurant Equipment Shop","Refrigerator","service","service_quote_required","Work scope, area, date/time and provider quote","","0","","2026-10-08"
"1410","Restaurant Equipment Shop","Exhaust Hood","service","service_quote_required","Work scope, area, date/time and provider quote","","0","","2026-10-08"
"1411","Commercial Kitchen Equipment Shop","Commercial Oven","goods","variant_and_source_pending","Exact brand/variety, grade and pack weight/volume/count","","0","","2026-10-08"
"1412","Commercial Kitchen Equipment Shop","Commercial Mixer","goods","variant_and_source_pending","Exact brand/variety, grade and pack weight/volume/count","","0","","2026-10-08"
"1413","Commercial Kitchen Equipment Shop","Dishwasher","goods","variant_and_source_pending","Exact brand/variety, grade and pack weight/volume/count","","0","","2026-10-08"
"1414","Commercial Kitchen Equipment Shop","Freezer","service","service_quote_required","Work scope, area, date/time and provider quote","","0","","2026-10-08"
"1415","Commercial Kitchen Equipment Shop","Steel Work Table","service","service_quote_required","Work scope, area, date/time and provider quote","","0","","2026-10-08"
"1416","Cold Storage / Ice Supplier","Ice Block","goods","variant_and_source_pending","Exact brand/variety, grade and pack weight/volume/count","","0","","2026-10-08"
"1417","Cold Storage / Ice Supplier","Ice Cube","goods","variant_and_source_pending","Exact brand/variety, grade and pack weight/volume/count","","0","","2026-10-08"
"1418","Cold Storage / Ice Supplier","Cold Storage Service","goods","variant_and_source_pending","Exact brand/variety, grade and pack weight/volume/count","","0","","2026-10-08"
"1419","Cold Storage / Ice Supplier","Frozen Food Storage","goods","variant_and_source_pending","Exact brand/variety, grade and pack weight/volume/count","","0","","2026-10-08"
"1420","Cold Storage / Ice Supplier","Ice Box","goods","variant_and_source_pending","Exact brand/variety, grade and pack weight/volume/count","","0","","2026-10-08"
"1421","Water Supplier","Drinking Water Can","goods","variant_and_source_pending","Exact brand/variety, grade and pack weight/volume/count","","0","","2026-10-08"
"1422","Water Supplier","20 L Water Jar","goods","variant_and_source_pending","Exact brand/variety, grade and pack weight/volume/count","","0","","2026-10-08"
"1423","Water Supplier","Bulk Water Tanker","goods","variant_and_source_pending","Exact brand/variety, grade and pack weight/volume/count","","0","","2026-10-08"
"1424","Water Supplier","Water Bottle","goods","variant_and_source_pending","Exact brand/variety, grade and pack weight/volume/count","","0","","2026-10-08"
"1425","Water Supplier","Water Dispenser","goods","variant_and_source_pending","Exact brand/variety, grade and pack weight/volume/count","","0","","2026-10-08"
"1426","Milk Booth","Milk Packet","goods","variant_and_source_pending","Exact brand/variety, grade and pack weight/volume/count","","0","","2026-10-08"
"1427","Milk Booth","Curd","goods","variant_and_source_pending","Exact brand/variety, grade and pack weight/volume/count","","0","","2026-10-08"
"1428","Milk Booth","Paneer","goods","retail_reference_only","Shop must confirm exact variant, local selling price and availability","Amul Fresh Malai Paneer (reference example)","3","https://www.bigbasket.com/pd/40096747/amul-malai-fresh-paneer-200-g/","2026-10-08"
"1429","Milk Booth","Buttermilk","goods","variant_and_source_pending","Exact brand/variety, grade and pack weight/volume/count","","0","","2026-10-08"
"1430","Milk Booth","Flavoured Milk","goods","variant_and_source_pending","Exact brand/variety, grade and pack weight/volume/count","","0","","2026-10-08"
"1431","Newspaper / Magazine Shop","Newspaper","goods","variant_and_source_pending","Exact brand/variety, grade and pack weight/volume/count","","0","","2026-10-08"
"1432","Newspaper / Magazine Shop","Magazine","goods","variant_and_source_pending","Exact brand/variety, grade and pack weight/volume/count","","0","","2026-10-08"
"1433","Newspaper / Magazine Shop","Children's Magazine","goods","variant_and_source_pending","Exact brand/variety, grade and pack weight/volume/count","","0","","2026-10-08"
"1434","Newspaper / Magazine Shop","Competitive Exam Magazine","service","service_quote_required","Work scope, area, date/time and provider quote","","0","","2026-10-08"
"1435","Newspaper / Magazine Shop","Monthly Journal","service","service_quote_required","Work scope, area, date/time and provider quote","","0","","2026-10-08"
"1436","Lottery / Ticket Counter","Bus Ticket","goods","variant_and_source_pending","Exact brand/variety, grade and pack weight/volume/count","","0","","2026-10-08"
"1437","Lottery / Ticket Counter","Event Ticket","goods","variant_and_source_pending","Exact brand/variety, grade and pack weight/volume/count","","0","","2026-10-08"
"1438","Lottery / Ticket Counter","Travel Ticket","goods","variant_and_source_pending","Exact brand/variety, grade and pack weight/volume/count","","0","","2026-10-08"
"1439","Lottery / Ticket Counter","Recharge","goods","variant_and_source_pending","Exact brand/variety, grade and pack weight/volume/count","","0","","2026-10-08"
"1440","Lottery / Ticket Counter","Utility Payment","goods","variant_and_source_pending","Exact brand/variety, grade and pack weight/volume/count","","0","","2026-10-08"
"1441","Courier Packing Shop","Carton","goods","variant_and_source_pending","Exact brand/variety, grade and pack weight/volume/count","","0","","2026-10-08"
"1442","Courier Packing Shop","Bubble Wrap","goods","variant_and_source_pending","Exact brand/variety, grade and pack weight/volume/count","","0","","2026-10-08"
"1443","Courier Packing Shop","Packing Tape","goods","variant_and_source_pending","Exact brand/variety, grade and pack weight/volume/count","","0","","2026-10-08"
"1444","Courier Packing Shop","Courier Bag","service","service_quote_required","Work scope, area, date/time and provider quote","","0","","2026-10-08"
"1445","Courier Packing Shop","Thermal Packaging","service","service_quote_required","Work scope, area, date/time and provider quote","","0","","2026-10-08"
"1446","Signboard / Flex Shop","Flex Banner","goods","variant_and_source_pending","Exact brand/variety, grade and pack weight/volume/count","","0","","2026-10-08"
"1447","Signboard / Flex Shop","Shop Signboard","goods","variant_and_source_pending","Exact brand/variety, grade and pack weight/volume/count","","0","","2026-10-08"
"1448","Signboard / Flex Shop","Acrylic Sign","goods","variant_and_source_pending","Exact brand/variety, grade and pack weight/volume/count","","0","","2026-10-08"
"1449","Signboard / Flex Shop","Vinyl Sticker","service","service_quote_required","Work scope, area, date/time and provider quote","","0","","2026-10-08"
"1450","Signboard / Flex Shop","LED Signboard","service","service_quote_required","Work scope, area, date/time and provider quote","","0","","2026-10-08"
"1451","Advertising Agency","Poster Design","service","service_quote_required","Work scope, area, date/time and provider quote","","0","","2026-10-08"
"1452","Advertising Agency","Social Media Ad","service","service_quote_required","Work scope, area, date/time and provider quote","","0","","2026-10-08"
"1453","Advertising Agency","Banner Design","service","service_quote_required","Work scope, area, date/time and provider quote","","0","","2026-10-08"
"1454","Advertising Agency","Printing Ad","service","service_quote_required","Work scope, area, date/time and provider quote","","0","","2026-10-08"
"1455","Advertising Agency","Local Campaign","service","service_quote_required","Work scope, area, date/time and provider quote","","0","","2026-10-08"
"1456","Digital Marketing Agency","Social Media Marketing","service","service_quote_required","Work scope, area, date/time and provider quote","","0","","2026-10-08"
"1457","Digital Marketing Agency","Google Ads","service","service_quote_required","Work scope, area, date/time and provider quote","","0","","2026-10-08"
"1458","Digital Marketing Agency","SEO","service","service_quote_required","Work scope, area, date/time and provider quote","","0","","2026-10-08"
"1459","Digital Marketing Agency","Website Promotion","service","service_quote_required","Work scope, area, date/time and provider quote","","0","","2026-10-08"
"1460","Digital Marketing Agency","Content Marketing","service","service_quote_required","Work scope, area, date/time and provider quote","","0","","2026-10-08"
"1461","Web / Computer Service Centre","Website Development","service","service_quote_required","Work scope, area, date/time and provider quote","","0","","2026-10-08"
"1462","Web / Computer Service Centre","Computer Setup","service","service_quote_required","Work scope, area, date/time and provider quote","","0","","2026-10-08"
"1463","Web / Computer Service Centre","Networking","service","service_quote_required","Work scope, area, date/time and provider quote","","0","","2026-10-08"
"1464","Web / Computer Service Centre","Data Backup","service","service_quote_required","Work scope, area, date/time and provider quote","","0","","2026-10-08"
"1465","Web / Computer Service Centre","Software Installation","service","service_quote_required","Work scope, area, date/time and provider quote","","0","","2026-10-08"
"1466","Accounting / GST Service","GST Registration","service","service_quote_required","Work scope, area, date/time and provider quote","","0","","2026-10-08"
"1467","Accounting / GST Service","GST Return","service","service_quote_required","Work scope, area, date/time and provider quote","","0","","2026-10-08"
"1468","Accounting / GST Service","ITR Filing","service","service_quote_required","Work scope, area, date/time and provider quote","","0","","2026-10-08"
"1469","Accounting / GST Service","Bookkeeping","service","service_quote_required","Work scope, area, date/time and provider quote","","0","","2026-10-08"
"1470","Accounting / GST Service","TDS Filing","service","service_quote_required","Work scope, area, date/time and provider quote","","0","","2026-10-08"
"1471","Legal Documentation Centre","Affidavit","service","service_quote_required","Work scope, area, date/time and provider quote","","0","","2026-10-08"
"1472","Legal Documentation Centre","Agreement Drafting","service","service_quote_required","Work scope, area, date/time and provider quote","","0","","2026-10-08"
"1473","Legal Documentation Centre","Document Typing","service","service_quote_required","Work scope, area, date/time and provider quote","","0","","2026-10-08"
"1474","Legal Documentation Centre","Notary Assistance","service","service_quote_required","Work scope, area, date/time and provider quote","","0","","2026-10-08"
"1475","Legal Documentation Centre","Application Drafting","service","service_quote_required","Work scope, area, date/time and provider quote","","0","","2026-10-08"
"1476","Travel Document Centre","Passport Assistance","service","service_quote_required","Work scope, area, date/time and provider quote","","0","","2026-10-08"
"1477","Travel Document Centre","Visa Form","service","service_quote_required","Work scope, area, date/time and provider quote","","0","","2026-10-08"
"1478","Travel Document Centre","Travel Insurance","service","service_quote_required","Work scope, area, date/time and provider quote","","0","","2026-10-08"
"1479","Travel Document Centre","Document Printing","service","service_quote_required","Work scope, area, date/time and provider quote","","0","","2026-10-08"
"1480","Travel Document Centre","Photo Service","service","service_quote_required","Work scope, area, date/time and provider quote","","0","","2026-10-08"
"1481","Driving School","Driving Lessons","service","service_quote_required","Work scope, area, date/time and provider quote","","0","","2026-10-08"
"1482","Driving School","Car Training","service","service_quote_required","Work scope, area, date/time and provider quote","","0","","2026-10-08"
"1483","Driving School","Learner Assistance","service","service_quote_required","Work scope, area, date/time and provider quote","","0","","2026-10-08"
"1484","Driving School","Driving Test Practice","service","service_quote_required","Work scope, area, date/time and provider quote","","0","","2026-10-08"
"1485","Driving School","License Assistance","service","service_quote_required","Work scope, area, date/time and provider quote","","0","","2026-10-08"
"1486","Coaching / Tuition Centre","Maths Tuition","service","service_quote_required","Work scope, area, date/time and provider quote","","0","","2026-10-08"
"1487","Coaching / Tuition Centre","Science Tuition","service","service_quote_required","Work scope, area, date/time and provider quote","","0","","2026-10-08"
"1488","Coaching / Tuition Centre","English Tuition","service","service_quote_required","Work scope, area, date/time and provider quote","","0","","2026-10-08"
"1489","Coaching / Tuition Centre","Hindi Tuition","service","service_quote_required","Work scope, area, date/time and provider quote","","0","","2026-10-08"
"1490","Coaching / Tuition Centre","Competitive Exam Coaching","service","service_quote_required","Work scope, area, date/time and provider quote","","0","","2026-10-08"
"1491","School Uniform Shop","School Shirt","service","service_quote_required","Work scope, area, date/time and provider quote","","0","","2026-10-08"
"1492","School Uniform Shop","School Pant","service","service_quote_required","Work scope, area, date/time and provider quote","","0","","2026-10-08"
"1493","School Uniform Shop","School Skirt","service","service_quote_required","Work scope, area, date/time and provider quote","","0","","2026-10-08"
"1494","School Uniform Shop","School Sweater","service","service_quote_required","Work scope, area, date/time and provider quote","","0","","2026-10-08"
"1495","School Uniform Shop","School Tie","service","service_quote_required","Work scope, area, date/time and provider quote","","0","","2026-10-08"
"1496","School Bag & Supplies Shop","School Bag","service","service_quote_required","Work scope, area, date/time and provider quote","","0","","2026-10-08"
"1497","School Bag & Supplies Shop","Water Bottle","service","service_quote_required","Work scope, area, date/time and provider quote","","0","","2026-10-08"
"1498","School Bag & Supplies Shop","Lunch Box","service","service_quote_required","Work scope, area, date/time and provider quote","","0","","2026-10-08"
"1499","School Bag & Supplies Shop","Pencil Box","service","service_quote_required","Work scope, area, date/time and provider quote","","0","","2026-10-08"
"1500","School Bag & Supplies Shop","School Accessories","service","service_quote_required","Work scope, area, date/time and provider quote","","0","","2026-10-08"
"1501","Religious Book Shop","Religious Book","goods","variant_and_source_pending","Exact brand/variety, grade and pack weight/volume/count","","0","","2026-10-08"
"1502","Religious Book Shop","Prayer Book","goods","variant_and_source_pending","Exact brand/variety, grade and pack weight/volume/count","","0","","2026-10-08"
"1503","Religious Book Shop","Bhajan Book","goods","variant_and_source_pending","Exact brand/variety, grade and pack weight/volume/count","","0","","2026-10-08"
"1504","Religious Book Shop","Calendar","service","service_quote_required","Work scope, area, date/time and provider quote","","0","","2026-10-08"
"1505","Religious Book Shop","Spiritual Magazine","service","service_quote_required","Work scope, area, date/time and provider quote","","0","","2026-10-08"
"1506","Gift Wrapping Shop","Gift Wrapping","goods","variant_and_source_pending","Exact brand/variety, grade and pack weight/volume/count","","0","","2026-10-08"
"1507","Gift Wrapping Shop","Gift Box","goods","variant_and_source_pending","Exact brand/variety, grade and pack weight/volume/count","","0","","2026-10-08"
"1508","Gift Wrapping Shop","Ribbon","goods","variant_and_source_pending","Exact brand/variety, grade and pack weight/volume/count","","0","","2026-10-08"
"1509","Gift Wrapping Shop","Greeting Card","service","service_quote_required","Work scope, area, date/time and provider quote","","0","","2026-10-08"
"1510","Gift Wrapping Shop","Decorative Paper","service","service_quote_required","Work scope, area, date/time and provider quote","","0","","2026-10-08"
"1511","Paint Store","Asian Paints Interior Emulsion","goods","variant_and_source_pending","Brand, material/grade, dimensions/specification and quantity","","0","","2026-10-08"
"1512","Paint Store","Berger Interior Emulsion","goods","variant_and_source_pending","Brand, material/grade, dimensions/specification and quantity","","0","","2026-10-08"
"1513","Paint Store","Nerolac Interior Emulsion","goods","variant_and_source_pending","Brand, material/grade, dimensions/specification and quantity","","0","","2026-10-08"
"1514","Paint Store","Dulux Interior Emulsion","goods","variant_and_source_pending","Brand, material/grade, dimensions/specification and quantity","","0","","2026-10-08"
"1515","Paint Store","Indigo Interior Emulsion","goods","variant_and_source_pending","Brand, material/grade, dimensions/specification and quantity","","0","","2026-10-08"
"1516","Paint Store","JSW Paints Interior Emulsion","goods","variant_and_source_pending","Brand, material/grade, dimensions/specification and quantity","","0","","2026-10-08"
"1517","Grocery / Kirana Store","Aashirvaad Wheat Atta","goods","retail_reference_only","Shop must confirm exact variant, local selling price and availability","Aashirvaad Whole Wheat Atta","4","https://www.bigbasket.com/pd/126903/aashirvaad-atta-whole-wheat-5-kg-pouch/","2026-10-08"
"1518","Grocery / Kirana Store","Aashirvaad Multigrain Atta","goods","retail_reference_only","Exact brand/variety, grade and pack weight/volume/count","Aashirvaad Multigrains Atta","3","https://www.bigbasket.com/pd/284420/aashirvaad-multigrains-atta-5-kg-pouch/","2026-10-08"
"1519","Grocery / Kirana Store","Aashirvaad Besan","goods","retail_reference_only","Exact brand/variety, grade and pack weight/volume/count","Aashirvaad Besan","2","https://www.bigbasket.com/pd/40365307/aashirvaad-besan-500-g-pouch/","2026-10-08"
"1520","Grocery / Kirana Store","Aashirvaad Suji Rava","goods","variant_and_source_pending","Exact brand/variety, grade and pack weight/volume/count","","0","","2026-10-08"
"1521","Grocery / Kirana Store","Aashirvaad Ragi Flour","goods","variant_and_source_pending","Exact brand/variety, grade and pack weight/volume/count","","0","","2026-10-08"
"1522","Grocery / Kirana Store","Sunfeast Biscuits","goods","variant_and_source_pending","Exact brand/variety, grade and pack weight/volume/count","","0","","2026-10-08"
"1523","Grocery / Kirana Store","Bingo Potato Chips","goods","variant_and_source_pending","Exact brand/variety, grade and pack weight/volume/count","","0","","2026-10-08"
"1524","Grocery / Kirana Store","YiPPee Noodles","goods","variant_and_source_pending","Exact brand/variety, grade and pack weight/volume/count","","0","","2026-10-08"
"1525","Grocery / Kirana Store","Aashirvaad Vermicelli","goods","variant_and_source_pending","Exact brand/variety, grade and pack weight/volume/count","","0","","2026-10-08"
"1526","Grocery / Kirana Store","Brooke Bond Red Label Tea","goods","retail_reference_only","Shop must confirm exact variant, local selling price and availability","Brooke Bond Red Label Tea","4","https://www.bigbasket.com/pd/266575/red-label-tea-250-g-carton/","2026-10-08"
"1527","Grocery / Kirana Store","Brooke Bond Taaza Tea","goods","variant_and_source_pending","Exact brand/variety, grade and pack weight/volume/count","","0","","2026-10-08"
"1528","Grocery / Kirana Store","Bru Instant Coffee","goods","retail_reference_only","Shop must confirm exact variant, local selling price and availability","BRU Instant Coffee","4","https://www.bigbasket.com/pd/266531/bru-instant-coffee-100-g/","2026-10-08"
"1529","Dairy Shop","Amul Milk","goods","variant_and_source_pending","Exact brand/variety, grade and pack weight/volume/count","","0","","2026-10-08"
"1530","Dairy Shop","Amul Butter","goods","retail_reference_only","Shop must confirm exact variant, local selling price and availability","Amul Pasteurised Butter","2","https://www.bigbasket.com/pd/104860/amul-butter-pasteurised-100-g-carton/","2026-10-08"
"1531","Dairy Shop","Amul Cheese","goods","retail_reference_only","Shop must confirm exact variant, local selling price and availability","Amul Pure Milk Block Cheese","2","https://www.bigbasket.com/pd/40003788/amul-processed-cheese-block-200-g-carton/","2026-10-08"
"1532","Dairy Shop","Amul Paneer","goods","retail_reference_only","Shop must confirm exact variant, local selling price and availability","Amul Fresh Malai Paneer","3","https://www.bigbasket.com/pd/40096747/amul-malai-fresh-paneer-200-g/","2026-10-08"
"1533","Dairy Shop","Amul Curd","goods","variant_and_source_pending","Exact brand/variety, grade and pack weight/volume/count","","0","","2026-10-08"
"1534","Dairy Shop","Amul Ghee","goods","retail_reference_only","Shop must confirm exact variant, local selling price and availability","Amul Pure Ghee","2","https://www.bigbasket.com/pd/40050536/amul-ghee-1-l-pouch/","2026-10-08"
"1535","Dairy Shop","Amul Fresh Cream","goods","retail_reference_only","Shop must confirm exact variant, local selling price and availability","Amul Fresh Cream","2","https://www.bigbasket.com/pd/40102603/amul-fresh-cream-25-milk-fat-low-fat-250-ml/","2026-10-08"
"1536","Cleaning Products Store","Surf Excel Detergent Powder","goods","variant_and_source_pending","Exact brand/variety, grade and pack weight/volume/count","","0","","2026-10-08"
"1537","Cleaning Products Store","Surf Excel Matic Liquid","goods","retail_reference_only","Shop must confirm exact variant, local selling price and availability","Surf Excel Matic Top Load Liquid","3","https://www.bigbasket.com/pd/40077760/surf-excel-matic-liquid-top-load-1-l/","2026-10-08"
"1538","Cleaning Products Store","Rin Detergent","goods","retail_reference_only","Shop must confirm exact variant, local selling price and availability","Rin Detergent Bar","1","https://www.bigbasket.com/pd/40002071/rin-rin-detergent-bar-140-g/","2026-10-08"
"1539","Cleaning Products Store","Wheel Detergent Powder","goods","variant_and_source_pending","Exact brand/variety, grade and pack weight/volume/count","","0","","2026-10-08"
"1540","Cleaning Products Store","Vim Dishwash Bar","goods","variant_and_source_pending","Exact brand/variety, grade and pack weight/volume/count","","0","","2026-10-08"
"1541","Cleaning Products Store","Vim Dishwash Liquid","goods","retail_reference_only","Shop must confirm exact variant, local selling price and availability","Vim Lemon Dishwash Liquid","3","https://www.bigbasket.com/pd/266967/vim-dishwash-liquid-gel-lemon-250-ml-bottle/","2026-10-08"
"1542","Cleaning Products Store","Comfort Fabric Conditioner","goods","retail_reference_only","Shop must confirm exact variant, local selling price and availability","Comfort Morning Fresh Fabric Conditioner","1","https://www.bigbasket.com/pb/comfort/fabric-pre-post-wash/","2026-10-08"
"1543","Cleaning Products Store","Domex Toilet Cleaner","goods","variant_and_source_pending","Exact brand/variety, grade and pack weight/volume/count","","0","","2026-10-08"
"1544","Cosmetics & Beauty Store","Dove Shampoo","goods","retail_reference_only","Shop must confirm exact variant, local selling price and availability","Dove Daily Shine Shampoo","5","https://www.bigbasket.com/pd/266692/dove-daily-shine-shampoo-180-ml/","2026-10-08"
"1545","Cosmetics & Beauty Store","Dove Conditioner","goods","variant_and_source_pending","Exact brand/variety, grade and pack weight/volume/count","","0","","2026-10-08"
"1546","Cosmetics & Beauty Store","Clinic Plus Shampoo","goods","variant_and_source_pending","Exact brand/variety, grade and pack weight/volume/count","","0","","2026-10-08"
"1547","Cosmetics & Beauty Store","Sunsilk Shampoo","goods","retail_reference_only","Shop must confirm exact variant, local selling price and availability","Sunsilk Radiant Black Shine Shampoo","5","https://www.bigbasket.com/pd/40002077/sunsilk-stunning-black-shine-shampoo-with-amla-oil-pearl-protein-vitamin-e-for-long-lasting-shine-650-ml-bottle/","2026-10-08"
"1548","Cosmetics & Beauty Store","Tresemme Shampoo","goods","variant_and_source_pending","Exact brand/variety, grade and pack weight/volume/count","","0","","2026-10-08"
"1549","Cosmetics & Beauty Store","Dove Beauty Bar","goods","retail_reference_only","Shop must confirm exact variant, local selling price and availability","Dove Cream Beauty Soap Bar","4","https://www.bigbasket.com/pd/40016743/dove-cream-beauty-bathing-bar-125-g/","2026-10-08"
"1550","Cosmetics & Beauty Store","Lux Soap","goods","retail_reference_only","Shop must confirm exact variant, local selling price and availability","Lux Soft Glow Rose Soap","5","https://www.bigbasket.com/pd/306171/lux-beauty-soap-for-glowing-skin-rose-vitamin-e-100-g/","2026-10-08"
"1551","Cosmetics & Beauty Store","Lifebuoy Soap","goods","retail_reference_only","Shop must confirm exact variant, local selling price and availability","Lifebuoy Total Soap","3","https://www.bigbasket.com/pd/306170/lifebuoy-total-germ-protection-soap-bar-125-g/","2026-10-08"
"1552","Cosmetics & Beauty Store","Vaseline Body Lotion","goods","retail_reference_only","Shop must confirm exact variant, local selling price and availability","Vaseline Deep Moisture Body Lotion","6","https://www.bigbasket.com/pd/40118800/vaseline-intensive-care-deep-moisture-body-lotion-400-ml/","2026-10-08"
"1553","Cosmetics & Beauty Store","Ponds Cold Cream","goods","variant_and_source_pending","Exact brand/variety, grade and pack weight/volume/count","","0","","2026-10-08"
"1554","Book & Stationery Shop","Classmate Notebook","goods","retail_reference_only","Shop must confirm exact variant, local selling price and availability","Classmate A4 Single Line Notebook, 140 Pages, 21 x 29.7 cm","2","https://www.bigbasket.com/pd/40005735/classmate-notebook-a4-single-line-ruled-140-pages/","2026-10-08"
"1555","Book & Stationery Shop","Paperkraft Notebook","goods","variant_and_source_pending","Exact brand/variety, grade and pack weight/volume/count","","0","","2026-10-08"
"1556","Book & Stationery Shop","Camel Artist Water Colours","goods","variant_and_source_pending","Exact brand/variety, grade and pack weight/volume/count","","0","","2026-10-08"
"1557","Book & Stationery Shop","Camel Colour Pencils","goods","variant_and_source_pending","Exact brand/variety, grade and pack weight/volume/count","","0","","2026-10-08"
"1558","Book & Stationery Shop","Fevikwik Instant Adhesive","goods","variant_and_source_pending","Exact brand/variety, grade and pack weight/volume/count","","0","","2026-10-08"
"1559","Book & Stationery Shop","Whiteboard Marker","goods","variant_and_source_pending","Exact brand/variety, grade and pack weight/volume/count","","0","","2026-10-08"
"1560","Book & Stationery Shop","Highlighter Pen","goods","variant_and_source_pending","Exact brand/variety, grade and pack weight/volume/count","","0","","2026-10-08"
"1561","Book & Stationery Shop","Sticky Notes","goods","variant_and_source_pending","Exact brand/variety, grade and pack weight/volume/count","","0","","2026-10-08"
"1562","Book & Stationery Shop","Graph Notebook","goods","variant_and_source_pending","Exact brand/variety, grade and pack weight/volume/count","","0","","2026-10-08"
"1563","Mobile Store","boAt Earbuds","goods","variant_and_source_pending","Brand, exact model, specification and pack","","0","","2026-10-08"
"1564","Mobile Store","boAt Headphones","goods","variant_and_source_pending","Brand, exact model, specification and pack","","0","","2026-10-08"
"1565","Mobile Store","boAt Bluetooth Speaker","goods","variant_and_source_pending","Brand, exact model, specification and pack","","0","","2026-10-08"
"1566","Mobile Store","Mobile OTG Adapter","goods","variant_and_source_pending","Brand, exact model, specification and pack","","0","","2026-10-08"
"1567","Mobile Store","Mobile Stand","goods","variant_and_source_pending","Brand, exact model, specification and pack","","0","","2026-10-08"
"1568","Mobile Store","SIM Ejector Tool","goods","variant_and_source_pending","Brand, exact model, specification and pack","","0","","2026-10-08"
"1569","Electrical Store","Havells Ceiling Fan","goods","variant_and_source_pending","Brand, material/grade, dimensions/specification and quantity","","0","","2026-10-08"
"1570","Electrical Store","Havells Modular Switch","goods","variant_and_source_pending","Brand, material/grade, dimensions/specification and quantity","","0","","2026-10-08"
"1571","Electrical Store","Havells MCB","goods","variant_and_source_pending","Brand, material/grade, dimensions/specification and quantity","","0","","2026-10-08"
"1572","Electrical Store","Havells Electrical Wire","goods","variant_and_source_pending","Brand, material/grade, dimensions/specification and quantity","","0","","2026-10-08"
"1573","Electrical Store","Fan Regulator","goods","variant_and_source_pending","Brand, material/grade, dimensions/specification and quantity","","0","","2026-10-08"
"1574","Electrical Store","Plug Top","goods","variant_and_source_pending","Brand, material/grade, dimensions/specification and quantity","","0","","2026-10-08"
"1575","Electrical Store","Cable Tie","goods","variant_and_source_pending","Brand, material/grade, dimensions/specification and quantity","","0","","2026-10-08"
"1576","Electrical Store","Electrical Junction Box","goods","variant_and_source_pending","Brand, material/grade, dimensions/specification and quantity","","0","","2026-10-08"
"1577","Hardware Shop","Fevicol Adhesive","goods","variant_and_source_pending","Brand, material/grade, dimensions/specification and quantity","","0","","2026-10-08"
"1578","Hardware Shop","M-Seal Epoxy Compound","goods","variant_and_source_pending","Brand, material/grade, dimensions/specification and quantity","","0","","2026-10-08"
"1579","Hardware Shop","Allen Key Set","goods","variant_and_source_pending","Brand, material/grade, dimensions/specification and quantity","","0","","2026-10-08"
"1580","Hardware Shop","Adjustable Wrench","goods","variant_and_source_pending","Brand, material/grade, dimensions/specification and quantity","","0","","2026-10-08"
"1581","Hardware Shop","Hacksaw Frame","goods","variant_and_source_pending","Brand, material/grade, dimensions/specification and quantity","","0","","2026-10-08"
"1582","Hardware Shop","Spirit Level","goods","variant_and_source_pending","Brand, material/grade, dimensions/specification and quantity","","0","","2026-10-08"
"1583","Hardware Shop","Door Hinge","goods","variant_and_source_pending","Brand, material/grade, dimensions/specification and quantity","","0","","2026-10-08"
"1584","Hardware Shop","Wall Plug","goods","variant_and_source_pending","Brand, material/grade, dimensions/specification and quantity","","0","","2026-10-08"
"1585","Kitchenware / Utensils Shop","Prestige Pressure Cooker","goods","retail_reference_only","Shop must confirm exact variant, local selling price and availability","Prestige Popular Plus Svachh Aluminium Cooker, Induction Base","1","https://www.bigbasket.com/pd/40287227/prestige-pressure-cooker-popular-svachh-pop-outer-lid-aluminium-spillage-control-3-l/","2026-10-08"
"1586","Kitchenware / Utensils Shop","Prestige Tawa","goods","variant_and_source_pending","Exact brand/variety, grade and pack weight/volume/count","","0","","2026-10-08"
"1587","Kitchenware / Utensils Shop","Prestige Frying Pan","goods","variant_and_source_pending","Exact brand/variety, grade and pack weight/volume/count","","0","","2026-10-08"
"1588","Kitchenware / Utensils Shop","Kitchen Strainer","goods","variant_and_source_pending","Exact brand/variety, grade and pack weight/volume/count","","0","","2026-10-08"
"1589","Kitchenware / Utensils Shop","Chopping Board","goods","variant_and_source_pending","Exact brand/variety, grade and pack weight/volume/count","","0","","2026-10-08"
"1590","Kitchenware / Utensils Shop","Rolling Pin Belan","goods","variant_and_source_pending","Exact brand/variety, grade and pack weight/volume/count","","0","","2026-10-08"
"1591","Kitchenware / Utensils Shop","Ladle Kalchhi","goods","variant_and_source_pending","Exact brand/variety, grade and pack weight/volume/count","","0","","2026-10-08"
"1592","Kitchenware / Utensils Shop","Storage Container","goods","variant_and_source_pending","Exact brand/variety, grade and pack weight/volume/count","","0","","2026-10-08"
"1593","Clothing / Garments Shop","Mens Cotton Kurta","goods","variant_and_source_pending","Brand, size, colour, material and piece/set","","0","","2026-10-08"
"1594","Clothing / Garments Shop","Mens Vest Baniyan","goods","variant_and_source_pending","Brand, size, colour, material and piece/set","","0","","2026-10-08"
"1595","Clothing / Garments Shop","Cotton Dhoti","goods","variant_and_source_pending","Brand, size, colour, material and piece/set","","0","","2026-10-08"
"1596","Clothing / Garments Shop","Cotton Saree","goods","variant_and_source_pending","Brand, size, colour, material and piece/set","","0","","2026-10-08"
"1597","Clothing / Garments Shop","Salwar Suit Fabric","goods","variant_and_source_pending","Brand, size, colour, material and piece/set","","0","","2026-10-08"
"1598","Clothing / Garments Shop","Womens Palazzo Trousers","goods","variant_and_source_pending","Brand, size, colour, material and piece/set","","0","","2026-10-08"
"1599","Clothing / Garments Shop","Saree Petticoat","goods","variant_and_source_pending","Brand, size, colour, material and piece/set","","0","","2026-10-08"
"1600","Footwear Shop","Safety Shoes","goods","variant_and_source_pending","Brand, size, colour, material and piece/set","","0","","2026-10-08"
"1601","Footwear Shop","Gum Boots","goods","variant_and_source_pending","Brand, size, colour, material and piece/set","","0","","2026-10-08"
"1602","Footwear Shop","Shoe Insoles","goods","variant_and_source_pending","Brand, size, colour, material and piece/set","","0","","2026-10-08"
"1603","Footwear Shop","Shoe Laces","goods","variant_and_source_pending","Brand, size, colour, material and piece/set","","0","","2026-10-08"
"1604","Medical / Pharmacy","Digital Thermometer","goods","variant_and_source_pending","Exact product, strength/type, brand and pack; shop quote","","0","","2026-10-08"
"1605","Medical / Pharmacy","Hot Water Bag","goods","variant_and_source_pending","Exact product, strength/type, brand and pack; shop quote","","0","","2026-10-08"
"1606","Medical / Pharmacy","Adhesive Dressing","goods","variant_and_source_pending","Exact product, strength/type, brand and pack; shop quote","","0","","2026-10-08"
"1607","Medical / Pharmacy","Elastic Crepe Bandage","goods","variant_and_source_pending","Exact product, strength/type, brand and pack; shop quote","","0","","2026-10-08"
"1608","Medical / Pharmacy","Medical Tape","goods","variant_and_source_pending","Exact product, strength/type, brand and pack; shop quote","","0","","2026-10-08"
"1609","Baby Store","Baby Bib","goods","variant_and_source_pending","Brand, variant, size and actual pieces per pack","","0","","2026-10-08"
"1610","Baby Store","Baby Teether","goods","variant_and_source_pending","Brand, variant, size and actual pieces per pack","","0","","2026-10-08"
"1611","Baby Store","Baby Nail Clipper","goods","variant_and_source_pending","Brand, variant, size and actual pieces per pack","","0","","2026-10-08"
"1612","Baby Store","Baby Mosquito Net","goods","variant_and_source_pending","Brand, variant, size and actual pieces per pack","","0","","2026-10-08"
"1613","Pet Shop","Pedigree Dry Dog Food","goods","retail_reference_only","Shop must confirm exact variant, local selling price and availability","Pedigree Chicken Biriyani Adult Dry Dog Food","1","https://www.bigbasket.com/pd/40362457/pedigree-chicken-biriyani-flavour-adult-dry-dog-food-1-kg/","2026-10-08"
"1614","Pet Shop","Pedigree Wet Dog Food","goods","variant_and_source_pending","Exact brand/variety, grade and pack weight/volume/count","","0","","2026-10-08"
"1615","Pet Shop","Pet Grooming Brush","goods","variant_and_source_pending","Exact brand/variety, grade and pack weight/volume/count","","0","","2026-10-08"
"1616","Pet Shop","Cat Litter","goods","variant_and_source_pending","Exact brand/variety, grade and pack weight/volume/count","","0","","2026-10-08"
"1617","Agriculture Store","Pruning Shears","goods","variant_and_source_pending","Brand, variety/grade, pack weight and expiry","","0","","2026-10-08"
"1618","Agriculture Store","Garden Trowel","goods","variant_and_source_pending","Brand, variety/grade, pack weight and expiry","","0","","2026-10-08"
"1619","Agriculture Store","Seedling Tray","goods","variant_and_source_pending","Brand, variety/grade, pack weight and expiry","","0","","2026-10-08"
"1620","Agriculture Store","Drip Irrigation Connector","goods","variant_and_source_pending","Brand, variety/grade, pack weight and expiry","","0","","2026-10-08"
"1621","Agriculture Store","Sprayer Nozzle","goods","variant_and_source_pending","Brand, variety/grade, pack weight and expiry","","0","","2026-10-08"
"1622","Sanitaryware Shop","Angle Valve","goods","variant_and_source_pending","Brand, material/grade, dimensions/specification and quantity","","0","","2026-10-08"
"1623","Sanitaryware Shop","PTFE Thread Seal Tape","goods","variant_and_source_pending","Brand, material/grade, dimensions/specification and quantity","","0","","2026-10-08"
"1624","Sanitaryware Shop","Flexible Tap Connector","goods","variant_and_source_pending","Brand, material/grade, dimensions/specification and quantity","","0","","2026-10-08"
"1625","Sanitaryware Shop","Flush Tank","goods","variant_and_source_pending","Brand, material/grade, dimensions/specification and quantity","","0","","2026-10-08"
"1626","Sanitaryware Shop","Basin Waste Coupling","goods","variant_and_source_pending","Brand, material/grade, dimensions/specification and quantity","","0","","2026-10-08"
"1627","Sports Shop","Cricket Bat Grip","goods","variant_and_source_pending","Exact brand/variety, grade and pack weight/volume/count","","0","","2026-10-08"
"1628","Sports Shop","Cricket Batting Gloves","goods","variant_and_source_pending","Exact brand/variety, grade and pack weight/volume/count","","0","","2026-10-08"
"1629","Sports Shop","Cricket Batting Pads","goods","variant_and_source_pending","Exact brand/variety, grade and pack weight/volume/count","","0","","2026-10-08"
"1630","Sports Shop","Sports Ball Pump","goods","variant_and_source_pending","Exact brand/variety, grade and pack weight/volume/count","","0","","2026-10-08"
"1631","Sports Shop","Badminton Net","goods","variant_and_source_pending","Exact brand/variety, grade and pack weight/volume/count","","0","","2026-10-08"
"1632","Pooja Samagri Shop","Mangaldeep Agarbatti","goods","variant_and_source_pending","Exact brand/variety, grade and pack weight/volume/count","","0","","2026-10-08"
"1633","Pooja Samagri Shop","Cotton Diya Wicks","goods","variant_and_source_pending","Exact brand/variety, grade and pack weight/volume/count","","0","","2026-10-08"
"1634","Pooja Samagri Shop","Pooja Mauli Thread","goods","variant_and_source_pending","Exact brand/variety, grade and pack weight/volume/count","","0","","2026-10-08"
"1635","Pooja Samagri Shop","Pooja Camphor","goods","variant_and_source_pending","Exact brand/variety, grade and pack weight/volume/count","","0","","2026-10-08"
"1636","Pooja Samagri Shop","Pooja Roli","goods","variant_and_source_pending","Exact brand/variety, grade and pack weight/volume/count","","0","","2026-10-08"
"1637","Gift & Toy Shop","Building Blocks Set","goods","variant_and_source_pending","Exact brand/variety, grade and pack weight/volume/count","","0","","2026-10-08"
"1638","Gift & Toy Shop","Jigsaw Puzzle","goods","variant_and_source_pending","Exact brand/variety, grade and pack weight/volume/count","","0","","2026-10-08"
"1639","Gift & Toy Shop","Ludo Board Game","goods","variant_and_source_pending","Exact brand/variety, grade and pack weight/volume/count","","0","","2026-10-08"
"1640","Gift & Toy Shop","Toy Doctor Set","goods","variant_and_source_pending","Exact brand/variety, grade and pack weight/volume/count","","0","","2026-10-08"
"1641","Bicycle Shop","Bicycle Mudguard","goods","variant_and_source_pending","Exact brand/variety, grade and pack weight/volume/count","","0","","2026-10-08"
"1642","Bicycle Shop","Bicycle Bottle Holder","goods","variant_and_source_pending","Exact brand/variety, grade and pack weight/volume/count","","0","","2026-10-08"
"1643","Bicycle Shop","Bicycle Brake Cable","goods","variant_and_source_pending","Exact brand/variety, grade and pack weight/volume/count","","0","","2026-10-08"
"1644","Bicycle Shop","Bicycle Saddle Cover","goods","variant_and_source_pending","Exact brand/variety, grade and pack weight/volume/count","","0","","2026-10-08"
"1645","Tyre Shop","Tubeless Tyre Repair Strip","goods","variant_and_source_pending","Make, model/year, part number, compatibility and quantity","","0","","2026-10-08"
"1646","Tyre Shop","Tyre Pressure Gauge","goods","variant_and_source_pending","Make, model/year, part number, compatibility and quantity","","0","","2026-10-08"
"1647","Tyre Shop","Tyre Valve Cap","goods","variant_and_source_pending","Make, model/year, part number, compatibility and quantity","","0","","2026-10-08"
"1648","School Bag & Supplies Shop","Pencil Pouch","goods","variant_and_source_pending","Exact brand/variety, grade and pack weight/volume/count","","0","","2026-10-08"
"1649","School Bag & Supplies Shop","Rain Cover for School Bag","goods","variant_and_source_pending","Exact brand/variety, grade and pack weight/volume/count","","0","","2026-10-08"
"1650","School Bag & Supplies Shop","School ID Card Holder","goods","variant_and_source_pending","Exact brand/variety, grade and pack weight/volume/count","","0","","2026-10-08"
"1651","Party Supply Store","Paper Party Plates","goods","variant_and_source_pending","Exact brand/variety, grade and pack weight/volume/count","","0","","2026-10-08"
"1652","Party Supply Store","Paper Party Cups","goods","variant_and_source_pending","Exact brand/variety, grade and pack weight/volume/count","","0","","2026-10-08"
"1653","Party Supply Store","Party Balloons","goods","variant_and_source_pending","Exact brand/variety, grade and pack weight/volume/count","","0","","2026-10-08"
"1654","Bakery","Breadsticks","goods","variant_and_source_pending","Exact brand/variety, grade and pack weight/volume/count","","0","","2026-10-08"
"1655","Bakery","Hot Dog Buns","goods","variant_and_source_pending","Exact brand/variety, grade and pack weight/volume/count","","0","","2026-10-08"
"1656","Sweet Shop","Besan Laddu","goods","variant_and_source_pending","Exact brand/variety, grade and pack weight/volume/count","","0","","2026-10-08"
"1657","Sweet Shop","Motichoor Laddu","goods","variant_and_source_pending","Exact brand/variety, grade and pack weight/volume/count","","0","","2026-10-08"
"1658","Sweet Shop","Milk Cake Sweet","goods","variant_and_source_pending","Exact brand/variety, grade and pack weight/volume/count","","0","","2026-10-08"
"1659","Grocery / Kirana Store","Sugar","goods","retail_reference_only","Shop must confirm exact variant, local selling price and availability","bb Royal Sulphurless Sugar (reference example)","3","https://www.bigbasket.com/pd/10000447/bb-royal-refined-sugar-sulphurless-1-kg/","2026-10-08"
"1660","Grocery / Kirana Store","Iodised Salt","goods","variant_and_source_pending","Exact brand/variety, grade and pack weight/volume/count","","0","","2026-10-08"
"1661","Grocery / Kirana Store","Rock Salt","goods","variant_and_source_pending","Exact brand/variety, grade and pack weight/volume/count","","0","","2026-10-08"
"1662","Grocery / Kirana Store","Black Salt","goods","variant_and_source_pending","Exact brand/variety, grade and pack weight/volume/count","","0","","2026-10-08"
"1663","Grocery / Kirana Store","Jaggery","goods","variant_and_source_pending","Exact brand/variety, grade and pack weight/volume/count","","0","","2026-10-08"
"1664","Grocery / Kirana Store","Jaggery Powder","goods","variant_and_source_pending","Exact brand/variety, grade and pack weight/volume/count","","0","","2026-10-08"
"1665","Grocery / Kirana Store","Mishri","goods","variant_and_source_pending","Exact brand/variety, grade and pack weight/volume/count","","0","","2026-10-08"
"1666","Grocery / Kirana Store","Tata Salt","goods","retail_reference_only","Shop must confirm exact variant, local selling price and availability","Tata Salt Iodised","2","https://www.bigbasket.com/pd/241600/tata-salt-iodized-1-kg-pouch/","2026-10-08"
"1667","Grocery / Kirana Store","Fortune Soyabean Oil","goods","retail_reference_only","Shop must confirm exact variant, local selling price and availability","Fortune Soya Health Soyabean Oil","2","https://www.bigbasket.com/pd/272765/fortune-soya-bean-oil-1-l-pouch/","2026-10-08"
"1668","Grocery / Kirana Store","Fortune Rice Bran Oil","goods","variant_and_source_pending","Exact brand/variety, grade and pack weight/volume/count","","0","","2026-10-08"
"1669","Grocery / Kirana Store","Fortune Mustard Oil","goods","retail_reference_only","Shop must confirm exact variant, local selling price and availability","Fortune Premium Kachi Ghani Mustard Oil","3","https://www.bigbasket.com/pd/276756/fortune-fortune-premium-kachi-ghani-pure-mustard-oil-1l-pet-bottle/","2026-10-08"
"1670","Grocery / Kirana Store","Fortune Wheat Atta","goods","variant_and_source_pending","Exact brand/variety, grade and pack weight/volume/count","","0","","2026-10-08"
"1671","Grocery / Kirana Store","Parle-G Biscuits","goods","retail_reference_only","Shop must confirm exact variant, local selling price and availability","Parle-G Gold Biscuits","4","https://www.bigbasket.com/pd/40204945/parle-g-gold-biscuits-1-kg/","2026-10-08"
"1672","Grocery / Kirana Store","Parle Monaco Biscuits","goods","variant_and_source_pending","Exact brand/variety, grade and pack weight/volume/count","","0","","2026-10-08"
"1673","Grocery / Kirana Store","Parle KrackJack Biscuits","goods","variant_and_source_pending","Exact brand/variety, grade and pack weight/volume/count","","0","","2026-10-08"
"1674","Grocery / Kirana Store","Parle Hide & Seek Cookies","goods","variant_and_source_pending","Exact brand/variety, grade and pack weight/volume/count","","0","","2026-10-08"
"1675","Grocery / Kirana Store","Britannia Biscuits","goods","variant_and_source_pending","Exact brand/variety, grade and pack weight/volume/count","","0","","2026-10-08"
"1676","Grocery / Kirana Store","Britannia Good Day Cookies","goods","retail_reference_only","Exact brand/variety, grade and pack weight/volume/count","Britannia Good Day Rich Cashew Cookies","5","https://www.bigbasket.com/pd/263526/britannia-good-day-cashew-cookies-200-g/","2026-10-08"
"1677","Grocery / Kirana Store","Britannia Rusk","goods","variant_and_source_pending","Exact brand/variety, grade and pack weight/volume/count","","0","","2026-10-08"
"1678","Grocery / Kirana Store","Maggi Noodles","goods","retail_reference_only","Shop must confirm exact variant, local selling price and availability","Maggi Instant Masala Noodles","5","https://www.bigbasket.com/pd/266160/maggi-masala-instant-noodles-vegetarian-70-g-pouch/","2026-10-08"
"1679","Grocery / Kirana Store","Haldiram Bhujia Sev","goods","variant_and_source_pending","Exact brand/variety, grade and pack weight/volume/count","","0","","2026-10-08"
"1680","Grocery / Kirana Store","Haldiram Aloo Bhujia","goods","retail_reference_only","Shop must confirm exact variant, local selling price and availability","Haldiram Aloo Bhujia","1","https://www.bigbasket.com/pd/20002406/haldirams-namkeen-aloo-bhujia-1-kg-pouch/","2026-10-08"
"1681","Grocery / Kirana Store","Soya Chunks","goods","variant_and_source_pending","Exact brand/variety, grade and pack weight/volume/count","","0","","2026-10-08"
"1682","Grocery / Kirana Store","Tomato Ketchup","goods","variant_and_source_pending","Exact brand/variety, grade and pack weight/volume/count","","0","","2026-10-08"
"1683","Grocery / Kirana Store","Soy Sauce","goods","variant_and_source_pending","Exact brand/variety, grade and pack weight/volume/count","","0","","2026-10-08"
"1684","Grocery / Kirana Store","Chilli Sauce","goods","variant_and_source_pending","Exact brand/variety, grade and pack weight/volume/count","","0","","2026-10-08"
"1685","Grocery / Kirana Store","Vinegar","goods","variant_and_source_pending","Exact brand/variety, grade and pack weight/volume/count","","0","","2026-10-08"
"1686","Grocery / Kirana Store","Baking Soda","goods","variant_and_source_pending","Exact brand/variety, grade and pack weight/volume/count","","0","","2026-10-08"
"1687","Grocery / Kirana Store","Baking Powder","goods","variant_and_source_pending","Exact brand/variety, grade and pack weight/volume/count","","0","","2026-10-08"
"1688","Grocery / Kirana Store","Custard Powder","goods","variant_and_source_pending","Exact brand/variety, grade and pack weight/volume/count","","0","","2026-10-08"
"1689","Grocery / Kirana Store","Corn Starch","goods","variant_and_source_pending","Exact brand/variety, grade and pack weight/volume/count","","0","","2026-10-08"
"1690","Grocery / Kirana Store","Instant Soup","goods","variant_and_source_pending","Exact brand/variety, grade and pack weight/volume/count","","0","","2026-10-08"
"1691","Grocery / Kirana Store","Pickle","goods","variant_and_source_pending","Exact brand/variety, grade and pack weight/volume/count","","0","","2026-10-08"
"1692","Grocery / Kirana Store","Mustard Seeds","goods","variant_and_source_pending","Exact brand/variety, grade and pack weight/volume/count","","0","","2026-10-08"
"1693","Grocery / Kirana Store","Fenugreek Seeds","goods","variant_and_source_pending","Exact brand/variety, grade and pack weight/volume/count","","0","","2026-10-08"
"1694","Grocery / Kirana Store","Fennel Seeds","goods","variant_and_source_pending","Exact brand/variety, grade and pack weight/volume/count","","0","","2026-10-08"
"1695","Grocery / Kirana Store","Ajwain","goods","variant_and_source_pending","Exact brand/variety, grade and pack weight/volume/count","","0","","2026-10-08"
"1696","Grocery / Kirana Store","Asafoetida","goods","variant_and_source_pending","Exact brand/variety, grade and pack weight/volume/count","","0","","2026-10-08"
"1697","Grocery / Kirana Store","Bay Leaves","goods","variant_and_source_pending","Exact brand/variety, grade and pack weight/volume/count","","0","","2026-10-08"
"1698","Grocery / Kirana Store","Kasuri Methi","goods","variant_and_source_pending","Exact brand/variety, grade and pack weight/volume/count","","0","","2026-10-08"
"1699","Grocery / Kirana Store","Dry Mango Powder","goods","variant_and_source_pending","Exact brand/variety, grade and pack weight/volume/count","","0","","2026-10-08"
"1700","Cosmetics & Beauty Store","Colgate Toothpaste","goods","retail_reference_only","Shop must confirm exact variant, local selling price and availability","Colgate Active Salt Toothpaste","2","https://www.bigbasket.com/pd/40000334/colgate-active-salt-toothpaste-100-g/","2026-10-08"
"1701","Cosmetics & Beauty Store","Colgate MaxFresh Toothpaste","goods","variant_and_source_pending","Exact brand/variety, grade and pack weight/volume/count","","0","","2026-10-08"
"1702","Cosmetics & Beauty Store","Colgate Total Toothpaste","goods","variant_and_source_pending","Exact brand/variety, grade and pack weight/volume/count","","0","","2026-10-08"
"1703","Cosmetics & Beauty Store","Colgate Toothbrush","goods","variant_and_source_pending","Exact brand/variety, grade and pack weight/volume/count","","0","","2026-10-08"
"1704","Cosmetics & Beauty Store","Colgate Plax Mouthwash","goods","variant_and_source_pending","Exact brand/variety, grade and pack weight/volume/count","","0","","2026-10-08"
"1705","Cosmetics & Beauty Store","Dental Floss","goods","variant_and_source_pending","Exact brand/variety, grade and pack weight/volume/count","","0","","2026-10-08"
"1706","Cosmetics & Beauty Store","Tongue Cleaner","goods","variant_and_source_pending","Exact brand/variety, grade and pack weight/volume/count","","0","","2026-10-08"
"1707","Cosmetics & Beauty Store","Dettol Original Soap","goods","retail_reference_only","Shop must confirm exact variant, local selling price and availability","Dettol Original Soap","2","https://www.bigbasket.com/pd/407516/dettol-soap-bar-original-42-g/","2026-10-08"
"1708","Cosmetics & Beauty Store","Dettol Liquid Handwash","goods","variant_and_source_pending","Exact brand/variety, grade and pack weight/volume/count","","0","","2026-10-08"
"1709","Cosmetics & Beauty Store","Dettol Hand Sanitizer","goods","variant_and_source_pending","Exact brand/variety, grade and pack weight/volume/count","","0","","2026-10-08"
"1710","Cosmetics & Beauty Store","Sanitary Pads","goods","variant_and_source_pending","Exact brand/variety, grade and pack weight/volume/count","","0","","2026-10-08"
"1711","Cosmetics & Beauty Store","Cotton Buds","goods","variant_and_source_pending","Exact brand/variety, grade and pack weight/volume/count","","0","","2026-10-08"
"1712","Baby Store","Pampers Diaper Pants","goods","source_pack_conflict","Brand, variant, size and actual pieces per pack","","0","https://www.bigbasket.com/pd/40136608/pampers-premium-care-diapers-medium-16-pcs/","2026-10-08"
"1713","Baby Store","Pampers Newborn Diapers","goods","variant_and_source_pending","Brand, variant, size and actual pieces per pack","","0","","2026-10-08"
"1714","Baby Store","Pampers Baby Wipes","goods","variant_and_source_pending","Brand, variant, size and actual pieces per pack","","0","","2026-10-08"
"1715","Baby Store","Huggies Natural Soft Pants","goods","variant_and_source_pending","Brand, variant, size and actual pieces per pack","","0","","2026-10-08"
"1716","Baby Store","Huggies Newborn Taped Diapers","goods","variant_and_source_pending","Brand, variant, size and actual pieces per pack","","0","","2026-10-08"
"1717","Baby Store","Huggies Baby Wipes","goods","variant_and_source_pending","Brand, variant, size and actual pieces per pack","","0","","2026-10-08"
"1718","Baby Store","Reusable Cloth Diaper","goods","variant_and_source_pending","Brand, variant, size and actual pieces per pack","","0","","2026-10-08"
"1719","Baby Store","Baby Feeding Spoon","goods","variant_and_source_pending","Brand, variant, size and actual pieces per pack","","0","","2026-10-08"
"1720","Baby Store","Baby Sipper Cup","goods","variant_and_source_pending","Brand, variant, size and actual pieces per pack","","0","","2026-10-08"
"1721","Mobile Store","Samsung Phone Cover","goods","variant_and_source_pending","Brand, exact model, specification and pack","","0","","2026-10-08"
"1722","Mobile Store","Samsung Phone Tempered Glass","goods","variant_and_source_pending","Brand, exact model, specification and pack","","0","","2026-10-08"
"1723","Mobile Store","Redmi Phone Cover","goods","variant_and_source_pending","Brand, exact model, specification and pack","","0","","2026-10-08"
"1724","Mobile Store","Redmi Phone Tempered Glass","goods","variant_and_source_pending","Brand, exact model, specification and pack","","0","","2026-10-08"
"1725","Mobile Store","iPhone Cover","goods","variant_and_source_pending","Brand, exact model, specification and pack","","0","","2026-10-08"
"1726","Mobile Store","iPhone Tempered Glass","goods","variant_and_source_pending","Brand, exact model, specification and pack","","0","","2026-10-08"
"1727","Mobile Store","Lightning Cable","goods","variant_and_source_pending","Brand, exact model, specification and pack","","0","","2026-10-08"
"1728","Mobile Store","USB-C to USB-C Cable","goods","variant_and_source_pending","Brand, exact model, specification and pack","","0","","2026-10-08"
"1729","Mobile Store","Micro USB Cable","goods","variant_and_source_pending","Brand, exact model, specification and pack","","0","","2026-10-08"
"1730","Mobile Store","Car Phone Charger","goods","variant_and_source_pending","Brand, exact model, specification and pack","","0","","2026-10-08"
"1731","Mobile Store","Phone Camera Lens Protector","goods","variant_and_source_pending","Brand, exact model, specification and pack","","0","","2026-10-08"
"1732","Clothing / Garments Shop","Men Cotton T-Shirt","goods","variant_and_source_pending","Brand, size, colour, material and piece/set","","0","","2026-10-08"
"1733","Clothing / Garments Shop","Men Linen Shirt","goods","variant_and_source_pending","Brand, size, colour, material and piece/set","","0","","2026-10-08"
"1734","Clothing / Garments Shop","Men Thermal Wear","goods","variant_and_source_pending","Brand, size, colour, material and piece/set","","0","","2026-10-08"
"1735","Clothing / Garments Shop","Men Cotton Pyjama","goods","variant_and_source_pending","Brand, size, colour, material and piece/set","","0","","2026-10-08"
"1736","Clothing / Garments Shop","Women Cotton Nighty","goods","variant_and_source_pending","Brand, size, colour, material and piece/set","","0","","2026-10-08"
"1737","Clothing / Garments Shop","Women Cotton Kurti","goods","variant_and_source_pending","Brand, size, colour, material and piece/set","","0","","2026-10-08"
"1738","Clothing / Garments Shop","Women Thermal Wear","goods","variant_and_source_pending","Brand, size, colour, material and piece/set","","0","","2026-10-08"
"1739","Clothing / Garments Shop","Women Cotton Petticoat","goods","variant_and_source_pending","Brand, size, colour, material and piece/set","","0","","2026-10-08"
"1740","Clothing / Garments Shop","Kids Cotton Night Suit","goods","variant_and_source_pending","Brand, size, colour, material and piece/set","","0","","2026-10-08"
"1741","Clothing / Garments Shop","Kids Thermal Wear","goods","variant_and_source_pending","Brand, size, colour, material and piece/set","","0","","2026-10-08"
"1742","Footwear Shop","Women Ballerina Flats","goods","variant_and_source_pending","Brand, size, colour, material and piece/set","","0","","2026-10-08"
"1743","Footwear Shop","Women Heeled Sandals","goods","variant_and_source_pending","Brand, size, colour, material and piece/set","","0","","2026-10-08"
"1744","Footwear Shop","Men Leather Formal Shoes","goods","variant_and_source_pending","Brand, size, colour, material and piece/set","","0","","2026-10-08"
"1745","Footwear Shop","Kids Velcro Shoes","goods","variant_and_source_pending","Brand, size, colour, material and piece/set","","0","","2026-10-08"
"1746","Electrical Store","LED Bulb 5W","goods","variant_and_source_pending","Brand, material/grade, dimensions/specification and quantity","","0","","2026-10-08"
"1747","Electrical Store","LED Bulb 9W","goods","variant_and_source_pending","Brand, material/grade, dimensions/specification and quantity","","0","","2026-10-08"
"1748","Electrical Store","LED Bulb 12W","goods","variant_and_source_pending","Brand, material/grade, dimensions/specification and quantity","","0","","2026-10-08"
"1749","Electrical Store","LED Bulb 15W","goods","variant_and_source_pending","Brand, material/grade, dimensions/specification and quantity","","0","","2026-10-08"
"1750","Electrical Store","LED Bulb 20W","goods","variant_and_source_pending","Brand, material/grade, dimensions/specification and quantity","","0","","2026-10-08"
"1751","Electrical Store","Copper Wire 1.5 sq mm","goods","variant_and_source_pending","Brand, material/grade, dimensions/specification and quantity","","0","","2026-10-08"
"1752","Electrical Store","Copper Wire 2.5 sq mm","goods","variant_and_source_pending","Brand, material/grade, dimensions/specification and quantity","","0","","2026-10-08"
"1753","Electrical Store","Copper Wire 4 sq mm","goods","variant_and_source_pending","Brand, material/grade, dimensions/specification and quantity","","0","","2026-10-08"
"1754","Electrical Store","Copper Wire 6 sq mm","goods","variant_and_source_pending","Brand, material/grade, dimensions/specification and quantity","","0","","2026-10-08"
"1755","Electrical Store","LED Strip Light","goods","variant_and_source_pending","Brand, material/grade, dimensions/specification and quantity","","0","","2026-10-08"
"1756","Electrical Store","Emergency Rechargeable Light","goods","variant_and_source_pending","Brand, material/grade, dimensions/specification and quantity","","0","","2026-10-08"
"1757","Hardware Shop","Screwdriver Bit Set","goods","variant_and_source_pending","Brand, material/grade, dimensions/specification and quantity","","0","","2026-10-08"
"1758","Hardware Shop","Safety Goggles","goods","variant_and_source_pending","Brand, material/grade, dimensions/specification and quantity","","0","","2026-10-08"
"1759","Hardware Shop","Work Gloves","goods","variant_and_source_pending","Brand, material/grade, dimensions/specification and quantity","","0","","2026-10-08"
"1760","Hardware Shop","Sandpaper","goods","variant_and_source_pending","Brand, material/grade, dimensions/specification and quantity","","0","","2026-10-08"
"1761","Hardware Shop","Utility Knife","goods","variant_and_source_pending","Brand, material/grade, dimensions/specification and quantity","","0","","2026-10-08"
"1762","Hardware Shop","Silicone Sealant","goods","variant_and_source_pending","Brand, material/grade, dimensions/specification and quantity","","0","","2026-10-08"
"1763","Plumbing Store","PVC Pipe 20 mm","goods","variant_and_source_pending","Brand, material/grade, dimensions/specification and quantity","","0","","2026-10-08"
"1764","Plumbing Store","PVC Pipe 25 mm","goods","variant_and_source_pending","Brand, material/grade, dimensions/specification and quantity","","0","","2026-10-08"
"1765","Plumbing Store","PVC Pipe 32 mm","goods","variant_and_source_pending","Brand, material/grade, dimensions/specification and quantity","","0","","2026-10-08"
"1766","Plumbing Store","CPVC Pipe 20 mm","goods","variant_and_source_pending","Brand, material/grade, dimensions/specification and quantity","","0","","2026-10-08"
"1767","Plumbing Store","CPVC Pipe 25 mm","goods","variant_and_source_pending","Brand, material/grade, dimensions/specification and quantity","","0","","2026-10-08"
"1768","Plumbing Store","Pipe Reducer","goods","variant_and_source_pending","Brand, material/grade, dimensions/specification and quantity","","0","","2026-10-08"
"1769","Plumbing Store","Pipe Union","goods","variant_and_source_pending","Brand, material/grade, dimensions/specification and quantity","","0","","2026-10-08"
"1770","Plumbing Store","Pipe End Cap","goods","variant_and_source_pending","Brand, material/grade, dimensions/specification and quantity","","0","","2026-10-08"
"1771","Plumbing Store","PVC Solvent Cement","goods","variant_and_source_pending","Brand, material/grade, dimensions/specification and quantity","","0","","2026-10-08"
"1772","Agriculture Store","Urea Fertilizer","goods","variant_and_source_pending","Brand, variety/grade, pack weight and expiry","","0","","2026-10-08"
"1773","Agriculture Store","DAP Fertilizer","goods","variant_and_source_pending","Brand, variety/grade, pack weight and expiry","","0","","2026-10-08"
"1774","Agriculture Store","NPK Fertilizer","goods","variant_and_source_pending","Brand, variety/grade, pack weight and expiry","","0","","2026-10-08"
"1775","Agriculture Store","Vermicompost","goods","variant_and_source_pending","Brand, variety/grade, pack weight and expiry","","0","","2026-10-08"
"1776","Agriculture Store","Neem Cake","goods","variant_and_source_pending","Brand, variety/grade, pack weight and expiry","","0","","2026-10-08"
"1777","Agriculture Store","Tomato Seeds","goods","variant_and_source_pending","Brand, variety/grade, pack weight and expiry","","0","","2026-10-08"
"1778","Agriculture Store","Okra Seeds","goods","variant_and_source_pending","Brand, variety/grade, pack weight and expiry","","0","","2026-10-08"
"1779","Agriculture Store","Onion Seeds","goods","variant_and_source_pending","Brand, variety/grade, pack weight and expiry","","0","","2026-10-08"
"1780","Agriculture Store","Brinjal Seeds","goods","variant_and_source_pending","Brand, variety/grade, pack weight and expiry","","0","","2026-10-08"
"1781","Agriculture Store","Chilli Seeds","goods","variant_and_source_pending","Brand, variety/grade, pack weight and expiry","","0","","2026-10-08"
"1782","Agriculture Store","Coriander Seeds for Sowing","goods","variant_and_source_pending","Brand, variety/grade, pack weight and expiry","","0","","2026-10-08"
"1783","Agriculture Store","Cucumber Seeds","goods","variant_and_source_pending","Brand, variety/grade, pack weight and expiry","","0","","2026-10-08"
"1784","Agriculture Store","Bottle Gourd Seeds","goods","variant_and_source_pending","Brand, variety/grade, pack weight and expiry","","0","","2026-10-08"
"1785","Agriculture Store","Pea Seeds","goods","variant_and_source_pending","Brand, variety/grade, pack weight and expiry","","0","","2026-10-08"
"1786","Auto Spare Parts Shop","Bike Chain Sprocket Kit","goods","variant_and_source_pending","Make, model/year, part number, compatibility and quantity","","0","","2026-10-08"
"1787","Auto Spare Parts Shop","Vehicle Indicator Lamp","goods","variant_and_source_pending","Make, model/year, part number, compatibility and quantity","","0","","2026-10-08"
"1788","Auto Spare Parts Shop","Wiper Blade","goods","variant_and_source_pending","Make, model/year, part number, compatibility and quantity","","0","","2026-10-08"
"1789","Auto Spare Parts Shop","Wheel Bearing","goods","variant_and_source_pending","Make, model/year, part number, compatibility and quantity","","0","","2026-10-08"
"1790","Auto Spare Parts Shop","Brake Shoe","goods","variant_and_source_pending","Make, model/year, part number, compatibility and quantity","","0","","2026-10-08"
"1791","Auto Spare Parts Shop","Accelerator Cable","goods","variant_and_source_pending","Make, model/year, part number, compatibility and quantity","","0","","2026-10-08"
"1792","Auto Spare Parts Shop","Fuel Filter","goods","variant_and_source_pending","Make, model/year, part number, compatibility and quantity","","0","","2026-10-08"
"1793","Auto Spare Parts Shop","Vehicle Horn","goods","variant_and_source_pending","Make, model/year, part number, compatibility and quantity","","0","","2026-10-08"
"1794","Auto Spare Parts Shop","Vehicle Fuse","goods","variant_and_source_pending","Make, model/year, part number, compatibility and quantity","","0","","2026-10-08"
